Date,Return,Equity,Drawdown
2021-12-21,0.00707524087715228,10070.752408771525,0.0
2021-12-22,0.001836819538735269,10089.250563565722,0.0
2021-12-23,0.028248197055886364,10374.253701631538,0.0
2021-12-27,-0.00715445722447953,10300.031547287317,-0.0071544572244794935
2021-12-28,-0.002116939736570233,10278.227001216937,-0.009256251406257632
2021-12-29,-0.012487772098451588,10149.87484484959,-0.021628433546661885
2021-12-30,-0.012314793705369217,10024.88122999995,-0.0336768775547337
2021-12-31,0.030815548235246036,10333.803441095626,-0.0038991007641880904
2022-01-03,-0.007199972441165787,10259.400341107314,-0.011070999787306302
2022-01-04,-0.042223654673388934,9826.21096394835,-0.05282719638878686
2022-01-05,-0.008133025879974701,9746.294135876467,-0.060530577313364975
2022-01-06,-0.01603747333032044,9589.98820360289,-0.07559729312435337
2022-01-07,0.006130304344287851,9648.777749949106,-0.06993042319452225
2022-01-10,0.01610101582447367,9804.132873187866,-0.05495535822051578
2022-01-11,0.011766535165195232,9919.493547404478,-0.0438354572103381
2022-01-12,-0.008710177374590325,9833.092999140481,-0.052163819977329995
2022-01-13,0.007115810130024602,9903.063421913239,-0.04541919768592084
2022-01-14,-0.016504336616164406,9739.619929666758,-0.06117392057464066
2022-01-18,-0.02634947241693227,9482.9860829786,-0.08591149245875596
2022-01-19,-0.0069336503794190825,9417.234372926328,-0.09224946258589195
2022-01-20,-0.02849995342863097,9148.843631871425,-0.11812031062700878
2022-01-21,0.004471370354963294,9189.75150006917,-0.11417709992730218
2022-01-24,-0.021019964470923785,8996.583250041096,-0.13279706581436101
2022-01-25,-0.0071566215873702195,8932.19810814128,-0.13900330905378466
2022-01-26,-0.012060558222474295,8824.470812803367,-0.1493874097742992
2022-01-27,0.026688130965275298,9059.979445554713,-0.12668614956564372
2022-01-28,0.021196269842422826,9252.017214649495,-0.10817515353471174
2022-01-31,0.004794675623577809,9296.377636057496,-0.10389914268286371
2022-02-01,0.020434762658278816,9486.346906632061,-0.08558753434570798
2022-02-02,-0.06628566216216004,8857.538120425997,-0.146199970120936
2022-02-03,0.005840173809771809,8909.267682575964,-0.14121362954765393
2022-02-04,-0.006514041928187886,8851.232339342216,-0.14680779997213678
2022-02-07,0.009459800656614635,8934.963232837774,-0.13873677183809474
2022-02-08,0.007610414329412674,9002.962005057738,-0.1321822018250951
2022-02-09,-0.025034724771656563,8777.575329131436,-0.15390778155434892
2022-02-10,-0.02340967809058986,8572.095116260565,-0.1737145280231147
2022-02-11,0.0009368064558707798,8580.125510305817,-0.17294045845857442
2022-02-14,0.0263302179353657,8806.04208490496,-0.15116380048426503
2022-02-15,-0.002560009139879082,8783.498536681444,-0.1533368289132856
2022-02-16,-0.046263381058047316,8377.144196856148,-0.19250632982508498
2022-02-17,-0.013141222283518751,8267.058282864173,-0.20311778363738797
2022-02-18,-0.009472529435604208,8188.748329933886,-0.21066627388859227
2022-02-22,-0.016404098879295226,8054.4192926319865,-0.22361458238048637
2022-02-23,0.010289238565057443,8137.293134236878,-0.2156261676001675
2022-02-24,0.011710062633904986,8232.581346509238,-0.2064411008943693
2022-02-25,0.001484545147847442,8244.802985201457,-0.20526302688117093
2022-02-28,-0.011636078091658194,8148.865813815316,-0.21451064836270972
2022-03-01,0.010699384668639456,8236.053663770452,-0.20610639563642208
2022-03-02,-0.008864731894035527,8163.043256176237,-0.2131440495914948
2022-03-03,-0.03225308782645466,7899.759905103637,-0.2385225836667887
2022-03-04,-0.026434013380977433,7690.937546065618,-0.2586514878794529
2022-03-07,0.004364263073572738,7724.502820799066,-0.25541604794335726
2022-03-08,0.035381051567759926,7997.803853437065,-0.22907188473911466
2022-03-09,-0.024968497632089526,7798.110706860605,-0.2483208015595173
2022-03-10,-0.011400338015660316,7709.209608918854,-0.2568901985010794
2022-03-11,-0.01822683392451276,7568.695125687833,-0.2704347374406778
2022-03-14,0.013000137948981158,7667.089206415557,-0.26095028838462186
2022-03-15,0.027855309167124143,7880.658346672182,-0.2403638301777017
2022-03-16,0.003921290542898897,7911.560697718805,-0.23738507604893355
2022-03-17,0.023708260357725237,8099.130038576269,-0.21930480287921483
2022-03-18,0.006415799278012521,8151.092431230296,-0.21429601919717944
2022-03-21,0.017831317234286177,8296.437146177552,-0.20028588226324295
2022-03-22,-0.007746148709975753,8232.171710280294,-0.20648058674469882
2022-03-23,0.030932095834533026,8486.810034549015,-0.1819353682073236
2022-03-24,-0.0005880942825388272,8481.818990090704,-0.18241646734002803
2022-03-25,0.024197687746625007,8687.059397536314,-0.1626328363099394
2022-03-28,0.011728883854543773,8788.94890824754,-0.15281145410341002
2022-03-29,-0.01277908002831126,8676.634226784305,-0.16363774433049116
2022-03-30,-0.021695591888068355,8488.389511637946,-0.18178311850008122
2022-03-31,0.009110736422254906,8565.724991127912,-0.17432856015649612
2022-04-01,0.018630642797849373,8725.309953742228,-0.15894577049238579
2022-04-04,-0.03498030323365638,8420.095965752684,-0.18836610247651142
2022-04-05,-0.04741048916294438,8020.895097217415,-0.22684606257932705
2022-04-06,0.005392025911453879,8064.143971414665,-0.22267719651521212
2022-04-07,-0.01556167090895146,7938.652416769106,-0.23477363817306585
2022-04-08,-0.018848925810097394,7789.017346333274,-0.24919733309507264
2022-04-11,0.006266711269153218,7837.828869113171,-0.2444922695614692
2022-04-12,0.022983255516654994,8017.9676927078135,-0.22712824234799234
2022-04-13,-0.026684047544680605,7804.015861583885,-0.2477515890751194
2022-04-14,0.003121330250588084,7828.374772368717,-0.24540357335414276
2022-04-18,0.015367983076697494,7948.681103388525,-0.2338069482397127
2022-04-19,-0.019281132279022912,7795.421531590321,-0.24858001782197103
2022-04-20,-0.017879859220542044,7656.0404920407045,-0.26201530131881634
2022-04-21,-0.014405600964185953,7545.750627746716,-0.2726464144056925
2022-04-22,-0.004451251727861464,7512.162592226948,-0.2758840483103353
2022-04-25,-0.053014904516341145,7113.906009688806,-0.31427298634792245
2022-04-26,0.009070532534501186,7178.432925597072,-0.3080530771608049
2022-04-27,0.022093533769390144,7337.029875850054,-0.2927655244544315
2022-04-28,-0.028264123479516384,7129.655157466127,-0.31275488700022247
2022-04-29,-0.00632009447588396,7084.595063290468,-0.3170983410424706
2022-05-02,-0.003949736419216328,7056.612780153589,-0.31979562259559846
2022-05-03,0.0823758300580565,7637.907115317031,-0.26376322239778727
2022-05-04,-0.05648383714497546,7206.488813687015,-0.3053487006440121
2022-05-05,-0.013903365697609379,7106.294364314593,-0.31500669169127804
2022-05-06,-0.03056688454649072,6889.077084927211,-0.33594480306146934
2022-05-09,0.013599172051744787,6982.762829482868,-0.32691420218644707
2022-05-10,-0.03091502043729764,6766.890573900603,-0.3477226633819078
2022-05-11,-0.0037242316700172302,6741.689105717742,-0.3501518952965754
2022-05-12,0.023202149201971833,6898.110782221913,-0.335074022612628
2022-05-13,-0.00018594470750686094,6896.828115030163,-0.3351976620790069
2022-05-16,0.02808773234187199,7090.544377133027,-0.31652487195123136
2022-05-17,-0.03722830660732387,6826.575417048282,-0.3419694935767109
2022-05-18,-0.005206025626181905,6791.036090488065,-0.34539521725596
2022-05-19,-0.0068722292643467915,6744.366533531778,-0.349893811400515
2022-05-20,0.012559796716557567,6829.074406174892,-0.3417286098275294
2022-05-23,-0.030872776916212152,6618.24191548884,-0.36205127560664896
2022-05-24,0.01322463698358676,6705.765762290737,-0.35361463531240467
2022-05-25,0.022144835922654,6854.263844832416,-0.3393005374685931
2022-05-26,0.021335320492133287,7000.501760699558,-0.32520430268650524
2022-05-27,0.0011286021414734042,7008.402541978072,-0.3244427268174602
2022-05-31,0.0036170903160440138,7033.752566943599,-0.3219991751466985
2022-06-01,0.035087291960654,7280.547896838948,-0.29820996225550656
2022-06-02,-0.02180515103298684,7121.79445034548,-0.3135126000219708
2022-06-03,-0.0003388958788400246,7119.380903556312,-0.31374524777269897
2022-06-06,0.00523253658594745,7156.633324603465,-0.31015439467438943
2022-06-07,-0.016646732178365913,7037.498766350022,-0.32163806971066755
2022-06-08,-0.03711806351352102,6776.280440164317,-0.34681755092430167
2022-06-09,-0.027046966755305175,6593.002608374568,-0.36448415490960095
2022-06-10,-0.04651597450687206,6286.322667119675,-0.3940457937585392
2022-06-13,0.0048159882172119466,6316.597523014116,-0.3911275254411103
2022-06-14,0.022099694321497703,6456.192397424657,-0.37767162987258496
2022-06-15,-0.03881150209202078,6205.617872685521,-0.40182512871170906
2022-06-16,0.0065929248678295305,6246.531045078597,-0.39788140672748173
2022-06-17,0.023481641615026583,6393.20984841627,-0.3837426737105125
2022-06-21,-0.0018698024071581345,6381.255809252234,-0.38489495314263744
2022-06-22,0.013467642334131835,6467.196280133844,-0.3766109383736431
2022-06-23,0.03619605308080376,6701.283259973545,-0.35404671480902306
2022-06-24,-0.020642581051673065,6562.951477129321,-0.3673808578541724
2022-06-27,-0.02698469048547288,6385.852262847809,-0.38445188960016297
2022-06-28,0.0027645643990356628,6403.506362671179,-0.38275016720825783
2022-06-29,-0.015256338287446713,6305.8123033764505,-0.39216713946519854
2022-06-30,0.008770447756790959,6361.117100747343,-0.38683617311701723
2022-07-01,0.02589270251082169,6525.823613473495,-0.3709597045571392
2022-07-05,-0.0003825216003433181,6523.3273449813105,-0.37120032605763253
2022-07-06,0.021618301594098204,6664.350602922144,-0.35760674506407575
2022-07-07,0.004911272067356939,6697.08104188535,-0.3544517770148504
2022-07-08,-0.03402650146881575,6469.20280397686,-0.3764175245724459
2022-07-11,-0.012031628475274595,6391.367759308206,-0.3839202372404824
2022-07-12,-0.007676342737099013,6342.305429828911,-0.38864947665281513
2022-07-13,-0.0029993851390031816,6323.282413175662,-0.3904831523272645
2022-07-14,0.013917804142151399,6411.288619337753,-0.3820000162200138
2022-07-15,0.002760974711791357,6428.99002508574,-0.38029373389290977
2022-07-18,0.04565008064765891,6722.473938213899,-0.35200409286726153
2022-07-19,0.020714459620435888,6861.726353156463,-0.33858120781475265
2022-07-20,0.013748316350949807,6956.063537773307,-0.32948781301932684
2022-07-21,-0.026248094329001898,6773.480125875302,-0.3470874801519409
2022-07-22,-0.007546734095669805,6722.362472463017,-0.3520148373269679
2022-07-25,-0.018439314465269363,6598.4067168837455,-0.3639632395103247
2022-07-26,0.05340263179941174,6950.779001248253,-0.329997202579004
2022-07-27,0.023786373440115194,7116.112826271655,-0.31406026583362634
2022-07-28,0.04041477073357761,7403.708894659694,-0.2863381687402413
2022-07-29,0.004426642266438334,7436.4824653812,-0.28317904311404307
2022-08-01,0.005662623536145106,7478.592466015797,-0.2791199558923787
2022-08-02,0.03093417205108656,7709.936532059489,-0.25682012857975867
2022-08-03,0.016532977509948255,7837.404739347157,-0.24453315247972152
2022-08-04,-0.0032163387833921138,7812.196990522854,-0.24696298980096798
2022-08-05,-0.0093063052694601,7739.494300503891,-0.2539709820970817
2022-08-08,-0.04486420161625645,7392.268067798217,-0.287440978367856
2022-08-09,0.05294263632210192,7783.634227707145,-0.24971622522755266
2022-08-10,-0.017059497800693695,7650.849336718171,-0.2625156896331794
2022-08-11,0.03729944759194881,7936.221790586987,-0.2350079322487677
2022-08-12,0.011621528113430054,8028.452815240709,-0.22611755542684575
2022-08-15,-0.010106966114211358,7947.309514687527,-0.23393915907052965
2022-08-16,-0.022340694683361584,7769.761099265718,-0.2510534904266142
2022-08-17,0.010311635288395312,7849.880041999309,-0.2433306271693767
2022-08-18,-0.07388456458351127,7269.895073063395,-0.29923681431464577
2022-08-19,-0.028940365496625264,7059.501652526826,-0.3195171570349593
2022-08-22,0.0023112994675131096,7075.818274937219,-0.3179443574023624
2022-08-23,0.007429060906013252,7128.384959861609,-0.3128773244922146
2022-08-24,0.0223298081850488,7287.560428684505,-0.2975340069485283
2022-08-25,-0.04652153598691339,6948.531923944653,-0.33021380392385513
2022-08-26,-0.00877350290368569,6887.568958933572,-0.33609017505997785
2022-08-29,-0.0225383968722813,6732.334196251922,-0.35105363818188284
2022-08-30,-0.006582565410537107,6688.018166039497,-0.3553253700564807
2022-08-31,-0.0028488654373610145,6668.964902241824,-0.3571619613280703
2022-09-01,-0.01255853610529959,6585.212465732045,-0.3652350660465917
2022-09-02,-0.01236960702347652,6503.75597536484,-0.3730868588318784
2022-09-06,0.025282918363723057,6668.189906747566,-0.35723666506257956
2022-09-07,0.0060534302738535955,6708.555329400876,-0.35334574203194635
2022-09-08,0.030124112295489818,6910.644603484255,-0.33386585654856005
2022-09-09,0.016398520419468005,7023.968950126178,-0.32294224219506673
2022-09-12,-0.07189195075780884,6519.002120239329,-0.37161724517937145
2022-09-13,0.01838015505329656,6638.822390002097,-0.3600674727129507
2022-09-14,-0.02317071908427809,6484.996101352943,-0.374895169535611
2022-09-15,-0.0200377618984669,6355.051293561547,-0.3874208712900379
2022-09-16,-0.015458189031975026,6256.813709357775,-0.39689023525867906
2022-09-19,-0.008397193889296347,6204.2740315110905,-0.40195466488973985
2022-09-20,-0.015583982089390361,6107.586736126352,-0.4112745926807416
2022-09-21,-0.0232856946896694,5965.367336098239,-0.42498347277162907
2022-09-22,-0.02228195711763013,5832.447276924387,-0.43779596637326024
2022-09-23,-0.005784003359303217,5798.7123822816975,-0.44104775639237104
2022-09-26,0.003985334565021185,5821.822191171421,-0.4388201446957255
2022-09-27,0.013582558361673066,5900.89743085429,-0.43119788655965996
2022-09-28,-0.03691480444493397,5683.06695614469,-0.45219510534517526
2022-09-29,-0.009054252115252143,5631.6110351358975,-0.45715506897134917
2022-09-30,-0.00019387263893425928,5630.519219843065,-0.45726031175065973
2022-10-03,0.05790782678074968,5956.57035151142,-0.42583143589647876
2022-10-04,-0.01141302054121801,5888.587891734411,-0.43238443351271383
2022-10-05,0.0004937081750092669,5891.495135715822,-0.43210419706727643
2022-10-06,-0.049191003181045245,5601.686579753712,-0.46003956131584234
2022-10-07,-0.017115513871163463,5505.810835396027,-0.4692812616940205
2022-10-10,-0.006499744388184255,5470.024472316258,-0.472730797835029
2022-10-11,0.0020367390812552535,5481.165484934447,-0.47165688804463735
2022-10-12,0.00703472287885426,5519.723965174102,-0.4679401406670799
2022-10-13,-0.029238413416978692,5358.3359939327365,-0.4834967267968353
2022-10-14,0.013337834094680978,5429.804590443369,-0.4766076918294918
2022-10-17,-0.009765179932727205,5376.781571618142,-0.48171871189418214
2022-10-18,-0.019642508912132484,5271.168091679043,-0.4918990567147923
2022-10-19,0.012351500671499354,5336.274927903002,-0.48562324757261555
2022-10-20,0.024679441417480536,5467.9712123737545,-0.47292871664457004
2022-10-21,-0.000791519430687966,5463.643206912718,-0.4733459038067036
2022-10-24,0.04613984935144727,5715.734881389729,-0.44904616314802226
2022-10-25,-0.002387674266359569,5702.0875683001,-0.4503616614462258
2022-10-26,-0.016394326811055904,5608.60568120013,-0.45937261199636215
2022-10-27,0.029286810246521872,5772.863851533002,-0.4435393602698269
2022-10-28,-0.0016384591165087277,5763.405250127094,-0.444451098277971
2022-10-31,-0.004958200770886452,5734.829129772983,-0.44720562127075436
2022-11-01,-0.008867955149476395,5683.9729222602455,-0.4521077770282079
2022-11-02,-0.006790554442078748,5645.375594684336,-0.4558282689966895
2022-11-03,0.02730980987657648,5799.54972885703,-0.4409670424827816
2022-11-04,-0.0052810004389623084,5768.922304193152,-0.44391929577682443
2022-11-07,-0.031148257824109276,5589.230424894889,-0.4612402409229801
2022-11-08,-0.057836194545844176,5265.970606679117,-0.4924000551624308
2022-11-09,0.07815683408160619,5677.542197663951,-0.4527276504939285
2022-11-10,0.02582349968047774,5824.1562067912255,-0.4385951631513241
2022-11-11,-0.013464164159063078,5745.738811534962,-0.44615401003434674
2022-11-14,0.040250986910087085,5977.010469226835,-0.42386116234203497
2022-11-15,-0.029372899857999162,5801.448339264022,-0.4407840307248665
2022-11-16,0.012826917357446233,5875.863037665255,-0.43361101370201016
2022-11-17,-0.0032611216514503156,5856.701133492169,-0.4354580770883695
2022-11-18,-0.016966806982749827,5757.331615804555,-0.4450365509280816
2022-11-21,0.029368634442318204,5926.416583392321,-0.4287380322634403
2022-11-22,0.015756006406315304,6019.793241046744,-0.4197372250400988
2022-11-23,-0.00034334145341334045,6017.726396486115,-0.41993645330461515
2022-11-25,-0.019055535256788454,5903.055398972167,-0.43098987466984684
2022-11-28,-0.004050885721688657,5879.142796142133,-0.433294869662043
2022-11-29,0.03841364972547534,6104.982128199189,-0.4115256572876109
2022-11-30,0.0010910750642840938,6111.643121967167,-0.4108835876063065
2022-12-01,-0.017739345434196935,6003.226573456057,-0.42133412714671303
2022-12-02,-0.013619327149183902,5921.466666801484,-0.42921516697917006
2022-12-05,-0.023166036782847305,5784.289752189957,-0.44243798941602197
2022-12-06,-0.004774764126161179,5756.671132985878,-0.4451002165022687
2022-12-07,0.01685769591716883,5853.715344440899,-0.43574588468756104
2022-12-08,-0.0067591210717920696,5814.149373708015,-0.4395597465682147
2022-12-09,0.018108804102182723,5919.436665737322,-0.4294108438078409
2022-12-12,0.018622150565241375,6029.669306588093,-0.41878524663033656
2022-12-13,-0.006256385043250601,5991.945373722608,-0.42242154992023506
2022-12-14,-0.04255295911092118,5736.970367239716,-0.44699922208982856
2022-12-15,-0.028294797381182124,5574.643953116823,-0.46264626705243295
2022-12-16,-0.01762536634380396,5476.388811206867,-0.47211732345184443
2022-12-19,0.005018278271832693,5503.870854186254,-0.4694682612860459
2022-12-20,0.008010119236766108,5547.957515992048,-0.4652186388000583
2022-12-21,-0.030775888243059362,5377.214195502635,-0.48167701020681886
2022-12-22,0.00026320487178923256,5378.629504475546,-0.48154058507074493
2022-12-23,-0.013221602790529233,5307.51540160995,-0.48839544951794966
2022-12-27,-0.012357524353034055,5241.927650780452,-0.4947176152096546
2022-12-28,0.023399812698756777,5364.587775989148,-0.48289410204557937
2022-12-29,-0.00374191111262188,5344.513965375539,-0.48482906635153744
2022-12-30,0.00871538195681996,5391.0934459573455,-0.4803391548917394
2023-01-03,0.0010802646373056877,5396.917253563423,-0.47977778365737667
2023-01-04,-0.00954848506151664,5345.384869789532,-0.48474511771879325
2023-01-05,0.020077130067330824,5452.704857080238,-0.47440027842940624
2023-01-06,0.0040614942111060395,5474.85098629214,-0.4722655582028883
2023-01-09,-0.0011287166548188214,5468.671430801261,-0.47286122085666615
2023-01-10,0.013850169656300093,5544.413457912419,-0.4655602593331162
2023-01-11,0.029461865860685166,5707.762223485613,-0.44981466738296905
2023-01-12,0.015061225418763166,5793.72811697023,-0.4415282020663267
2023-01-13,0.028869688198837746,5960.991241216,-0.42540529539213723
2023-01-17,-0.034952311692350725,5752.6408173576465,-0.4454887086043654
2023-01-18,0.003035397028834708,5770.102366202608,-0.44380554667800776
2023-01-19,0.04590079524440943,6034.954653452957,-0.4182757789599987
2023-01-20,0.029832271470467426,6214.991058986727,-0.40092162407698706
2023-01-23,-0.012753321572534337,6135.729279441043,-0.40856186325228494
2023-01-24,0.0031295910991371487,6154.931603180697,-0.406710903723829
2023-01-25,0.010982998188465487,6222.531205828559,-0.4001948106541916
2023-01-26,0.018171946679231537,6335.60671111073,-0.38929518273547314
2023-01-27,-0.032964970908713566,6126.753620189915,-0.4094270492704094
2023-01-30,0.017375763032073815,6233.2106392502355,-0.3991653936253794
2023-01-31,0.05575584643186138,6580.748574429716,-0.3656653515814082
2023-02-01,0.09319671293011937,7194.052710186135,-0.3065474474511125
2023-02-02,-0.027234972292885778,6998.122883950657,-0.3254336085062123
2023-02-03,-0.006051146235192058,6955.776219008027,-0.329515508386487
2023-02-06,0.013235455572342772,7047.839086125866,-0.32064134068579153
2023-02-07,-0.014720605157952852,6944.09062972222,-0.33064191127019227
2023-02-08,-0.04173937218056695,6654.248646472656,-0.3585804976577587
2023-02-09,-0.02995003366652584,6454.953675485366,-0.37779103334727504
2023-02-10,0.01594261029014682,6557.86248637458,-0.3678713982728957
2023-02-13,0.04191924021812038,6832.763099258315,-0.34137304756835274
2023-02-14,0.03116975579164375,7045.738656444351,-0.3208438063032638
2023-02-15,-0.04364415535763405,6738.233343913206,-0.35048500473306354
2023-02-16,-0.0029187804715992507,6718.565920015913,-0.3523807964172596
2023-02-17,-0.04441326484493894,6420.172472432066,-0.38114367962464824
2023-02-21,-0.0048761982546844,6388.866438627219,-0.384161345733963
2023-02-22,0.02214535470749507,6530.35015208943,-0.3705233802926552
2023-02-23,-0.024307366301591637,6371.6145388649375,-0.38582429906616933
2023-02-24,0.012792424927162519,6453.1229395181845,-0.37796750251988587
2023-02-27,-0.009021761653077295,6394.904402439845,-0.3835793314526199
2023-02-28,0.001990027433405854,6407.630437634709,-0.38235263741169223
2023-03-01,-0.013418401458588544,6321.650280024255,-0.39064047768274046
2023-03-02,-0.0007481959872535817,6316.92044665192,-0.39109639803213303
2023-03-03,-0.006019818520887324,6278.893731952194,-0.39476188721269423
2023-03-06,-0.011599796326553391,6206.059843505475,-0.40178252605009446
2023-03-07,0.017297339995653988,6313.408170651965,-0.39143495501184167
2023-03-08,-0.022751434353295002,6169.76907911182,-0.40528068268259987
2023-03-09,-0.02250838149403861,6030.897562949049,-0.41866685195865405
2023-03-10,-0.0007497656334360758,6026.375803217576,-0.41910271557463263
2023-03-13,0.04548578382985944,6300.490230280226,-0.392680147267908
2023-03-14,0.006315694392247199,6340.282201096014,-0.38884450067970755
2023-03-15,0.04374451019752684,6617.6347404970575,-0.36210980270741644
2023-03-16,0.03068797270549713,6820.716534788381,-0.3425342457437974
2023-03-17,-0.004540603525892417,6789.746365241409,-0.3455195370657266
2023-03-20,0.02764733268879625,6977.464741873783,-0.32742489796866536
2023-03-21,-0.009983944414855117,6907.802121734304,-0.33413985040216165
2023-03-22,-0.002100320174542388,6893.293525576279,-0.33553836990778585
2023-03-23,-0.015318507779316112,6787.698555079629,-0.3457169305574105
2023-03-24,-0.010984700372023684,6713.137720236461,-0.3529040340337253
2023-03-27,-0.019813244354613624,6580.128682199243,-0.36572510452829987
2023-03-28,0.020999623259528494,6718.308905524644,-0.35240557068041733
2023-03-29,0.0023976431893564247,6734.417013115967,-0.3508528703074941
2023-03-30,0.01847294027083818,6858.821496358175,-0.3388612141536984
2023-03-31,-0.008647900785741217,6799.50708855056,-0.34457867677930265
2023-04-03,-0.0079098909561273,6745.7237289247105,-0.349762987976299
2023-04-04,-0.02030940957593776,6608.7220628278565,-0.36296891777492235
2023-04-05,0.0034884744592082843,6631.776420952038,-0.36074665111485826
2023-04-06,0.007360988197910849,6680.59284891785,-0.35604111475823985
2023-04-10,0.004086868145156169,6707.895551022851,-0.353409339703355
2023-04-11,-0.012891468191449762,6621.420928895272,-0.36174484263345763
2023-04-12,0.023097628009763504,6774.360046406957,-0.34700266243329225
2023-04-13,0.008557119009413435,6832.329051536676,-0.34141488650290386
2023-04-14,-0.01049300425964822,6760.637393695583,-0.3483254229041698
2023-04-17,0.02820958643416747,6951.352178603103,-0.32994195259463555
2023-04-18,-0.03839567990820406,6684.450285424262,-0.35566928690272803
2023-04-19,-0.02031390730126779,6548.66298196622,-0.3687581612799459
2023-04-20,-0.011954739703668893,6470.375420609762,-0.3763044931519094
2023-04-21,-0.007492867385173407,6421.893755650847,-0.3809777608734507
2023-04-24,-0.01671012030068238,6314.583138435721,-0.3913216969580531
2023-04-25,0.015008777750426342,6409.357313347093,-0.38218617958618983
2023-04-26,0.05280781478094223,6747.821467215204,-0.3495607817886709
2023-04-27,0.001022524166141422,6754.72127773424,-0.3488956919694437
2023-04-28,-0.0036878863537378823,6729.810633310782,-0.3512968906618895
2023-05-01,0.0013307224924999366,6738.766143690793,-0.35043364684333866
2023-05-02,-0.016738768402440818,6625.9674978933435,-0.3613065875908461
2023-05-03,-0.0012854560618744864,6617.450107807394,-0.3621275999095067
2023-05-04,0.010965309067180443,6690.012493476148,-0.3551331318970903
2023-05-05,-0.01613039178841169,6582.099970887009,-0.3655350871309563
2023-05-08,-0.012289880289258018,6501.206750192879,-0.37333258495785127
2023-05-09,0.015108700683932183,6599.4315370659015,-0.363864454555606
2023-05-10,0.0031648248264536756,6620.317581834889,-0.36185119698839396
2023-05-11,-0.007766553875976726,6568.900528659493,-0.36680741404787365
2023-05-12,0.011610483099539307,6645.168637230049,-0.3594557422299228
2023-05-15,0.02521218423849227,6812.707853207744,-0.3433062223901153
2023-05-16,0.02641565854965126,6992.670017656608,-0.3259592237890919
2023-05-17,0.05553883476052792,7381.034762302136,-0.28852378449725635
2023-05-18,-0.007149012442489278,7328.267652947992,-0.2936101368144207
2023-05-19,0.010371444479823225,7404.272374043828,-0.28628385356728137
2023-05-22,0.0015257845823023475,7415.56969867531,-0.28519487647491426
2023-05-23,-0.0007007884967906719,7410.372952733329,-0.2856958036829277
2023-05-24,0.11242530526429621,8243.486394066658,-0.20538993636041292
2023-05-25,0.04162225524882268,8586.598888900699,-0.17231647346832268
2023-05-26,0.026012336765043793,8809.956390865134,-0.1507864908413017
2023-05-30,-0.026663349254637796,8575.05344669737,-0.1734293672277566
2023-05-31,0.02104197005269559,8755.48946452304,-0.15603669272652532
2023-06-01,-0.005702222049865591,8705.56371944107,-0.16084915890653773
2023-06-02,0.009156554907910267,8785.276691642444,-0.1531654281540462
2023-06-05,0.018349522184384903,8946.482321191696,-0.13762641839145495
2023-06-06,-0.019399056961651267,8772.929001036493,-0.1543556526233022
2023-06-07,0.03321420325129162,9064.31484798607,-0.12626824939122672
2023-06-08,0.016381444698219134,9212.8014203956,-0.11195526103755082
2023-06-09,0.02137131977324297,9409.691145558263,-0.09297657294823825
2023-06-12,0.0010210710311492344,9419.299108599052,-0.09205043760230214
2023-06-13,0.011190213948227223,9524.70308086662,-0.08189028774487273
2023-06-14,0.0033530987800702854,9556.640351147606,-0.07881177518873939
2023-06-15,-0.01489425106448892,9414.301350424588,-0.09253218388672912
2023-06-16,0.0030037767693317603,9442.579810120484,-0.08980635314177177
2023-06-20,-0.029858450561848198,9160.639007683694,-0.11698332514819654
2023-06-21,0.0008429939919778662,9168.36137132985,-0.11623894739648022
2023-06-22,-0.015395038166335454,9027.21409809547,-0.12984448253123226
2023-06-23,-0.024276140671324182,8808.068178779944,-0.15096850027923292
2023-06-26,0.022798769736057063,9008.88129700744,-0.13161162661843995
2023-06-27,0.0036674590522113863,9041.921000270448,-0.12842684781764657
2023-06-28,-0.0022564984181797083,9021.517919836031,-0.13039355125687402
2023-06-29,0.024967276053220966,9246.760648159656,-0.10868184699344341
2023-06-30,0.030235884599450296,9526.34463603615,-0.08173205417774188
2023-07-03,-0.0006158911462803558,9520.4774447184,-0.08229760727548674
2023-07-05,-0.010336048360442607,9422.073329435289,-0.09178302358718127
2023-07-06,0.008962669964867461,9506.520263071798,-0.08364297457110326
2023-07-07,0.021290660635975234,9708.920359821881,-0.0641331281213049
2023-07-10,0.021742545475855284,9920.017002266766,-0.04378500010013586
2023-07-11,0.011945206028179537,10038.513649161887,-0.03236281491909632
2023-07-12,0.06650591048320835,10706.134139297514,0.0
2023-07-13,-0.005619095625685817,10645.975347787382,-0.005619095625685744
2023-07-14,0.01079297291789331,10760.877071400611,0.0
2023-07-17,0.01216612048040829,10891.795198326134,0.0
2023-07-18,0.0004570700699203701,10896.773511918991,0.0
2023-07-19,-0.04859539383691978,10367.240511555572,-0.0485953938369198
2023-07-20,-0.018489791883162205,10175.552392094221,-0.06618666700155706
2023-07-21,-0.00222635285424777,10152.898021982535,-0.06826566498081266
2023-07-24,0.010248965570911761,10256.954724254812,-0.05871635185996471
2023-07-25,0.000904909702232467,10266.23634210015,-0.05786457515420995
2023-07-26,-0.014590626840588131,10116.445518575283,-0.07161092157143378
2023-07-27,0.024721184949151043,10366.536039267994,-0.04866004345882924
2023-07-28,0.020816816678724443,10582.334319590826,-0.028856173984366018
2023-07-31,-0.0023447938772385344,10557.520926871359,-0.031133306081525425
2023-08-01,-0.046905022462558586,10062.320170647525,-0.07657802012299642
2023-08-02,-0.0009370722780422016,10052.891049362826,-0.07744333326127395
2023-08-03,-0.003234674984149033,10020.373214167077,-0.08042750423263356
2023-08-04,0.018559978606479715,10206.35112665096,-0.06336025838408421
2023-08-07,-0.019243573415431,10009.944459441584,-0.08138455401568045
2023-08-08,-0.07302812967600082,9278.936937407918,-0.1484693219274007
2023-08-09,-0.0008993844898877437,9270.591605443768,-0.14923517541192266
2023-08-10,-0.00465243626969967,9227.460768817027,-0.15319330453882096
2023-08-11,0.009525076400152802,9315.353037619423,-0.14512740606839225
2023-08-14,-0.010409638714914016,9218.383577995928,-0.15402632091850166
2023-08-15,-0.015102634439503512,9079.161700694332,-0.16680275213911144
2023-08-16,-0.025602944774897645,8846.70842506909,-0.18813505526269048
2023-08-17,-0.006530546980537047,8788.934580076064,-0.19343697742614852
2023-08-18,0.02418975837437602,9001.5367839363,-0.17392641279638077
2023-08-21,-0.005505429644140081,8951.9794564832,-0.1784743028116128
2023-08-22,0.019279320993219645,9124.567541949446,-0.16263584519133945
2023-08-23,-0.015463247251355802,8983.472097986585,-0.17558421415656844
2023-08-24,2.151914135711851e-05,8983.665414592539,-0.17556647343673581
2023-08-25,0.0063635635633052705,9040.833540489764,-0.17032013828673065
2023-08-28,0.021373420830938666,9234.067080413117,-0.152587041447378
2023-08-29,0.0041249781599366955,9272.157405447211,-0.14909148150090112
2023-08-30,0.005251973184915975,9320.85452750694,-0.14462253277892734
2023-08-31,-0.010554566554284236,9222.476948053565,-0.15365067118574727
2023-09-01,0.001646227047403415,9237.659239049504,-0.15225738802910171
2023-09-05,-0.017950909110037865,9071.834857659826,-0.16747513860529728
2023-09-06,-0.0023099547418535442,9050.879329713061,-0.169398233356587
2023-09-07,-0.0001177752209177152,9049.813360400505,-0.16949605766314813
2023-09-08,0.006401085994302466,9107.741993952815,-0.16417993050964275
2023-09-11,-0.020851096307594724,8917.83558849218,-0.18160769527440668
2023-09-12,0.007137015956702817,8981.4823233865,-0.1757668163367374
2023-09-13,0.010267714535687367,9073.701619990356,-0.16730382529604226
2023-09-14,-0.01995490215771321,8892.636791955165,-0.1839201959893617
2023-09-15,-0.005457512611066601,8844.105114517435,-0.18837396181138655
2023-09-18,-0.01179726981594518,8739.768820200892,-0.19794893317354423
2023-09-19,-0.01831038630710417,8579.74027686823,-0.2126347980451616
2023-09-20,-0.023194022226116884,8380.741590192238,-0.2308969640393732
2023-09-21,-0.005275611145906207,8336.52805644806,-0.23495445258823733
2023-09-22,0.003443817881268907,8365.237540836555,-0.23231977505207557
2023-09-25,-0.010550847604706945,8276.977194366016,-0.2404194521146482
2023-09-26,-0.0014072597915342027,8265.32933716494,-0.24148837927811873
2023-09-27,0.015811975526015765,8396.020522358653,-0.22949481209506573
2023-09-28,0.0013838793115182701,8407.639601458626,-0.22842852590610674
2023-09-29,0.016202897112407116,8543.86772087926,-0.21592683269649515
2023-10-02,-0.0278458714509347,8305.956278629867,-0.23776003332135565
2023-10-03,0.015667814182864614,8436.092458214436,-0.22581739916068178
2023-10-04,-0.0003593422548266996,8433.061013728575,-0.226095595682115
2023-10-05,0.01715426873571459,8577.724008622754,-0.21281983155469275
2023-10-06,0.010641410249040898,8669.003088801555,-0.20444312444235713
2023-10-09,0.015627642446665518,8804.479169442384,-0.19201044604515605
2023-10-10,0.00854557371574651,8879.718495213609,-0.1851057117502818
2023-10-11,-0.011154910480695224,8780.666030305727,-0.1941957845869372
2023-10-12,-0.02372527944374107,8572.34227503456,-0.21331371477455663
2023-10-13,0.010338785314556767,8660.969881459041,-0.20518033416170456
2023-10-16,0.0018389434961497333,8676.896915692898,-0.20371870570659945
2023-10-17,-0.02122842078804325,8492.700096832095,-0.2206225000875074
2023-10-18,0.0006620412587869573,8498.322614694702,-0.22010652002639508
2023-10-19,-0.011424468873722615,8401.233792504268,-0.22901638881317288
2023-10-20,0.003283515662541962,8428.819375246632,-0.2264848520502778
2023-10-23,0.0075455629800247155,8492.419562689809,-0.22064824478542
2023-10-24,-0.0040264641381152115,8458.22513987481,-0.2237862766787686
2023-10-25,-0.020436413772875545,8285.36935113219,-0.23964930150474562
2023-10-26,-0.006486324129503784,8231.62775998809,-0.24458118258728045
2023-10-27,0.014912340747202305,8354.380598049162,-0.23331611977517352
2023-10-30,0.0008633176002860552,8361.593081858946,-0.2326542280875198
2023-10-31,0.015596028677133111,8492.000727350136,-0.2206866814234959
2023-11-01,0.006930588309906412,8550.855288318826,-0.21528558164801515
2023-11-02,0.01289618627222533,8661.128710903828,-0.20516575833844708
2023-11-03,0.0034042069346661985,8690.612985323523,-0.20245997810107264
2023-11-06,0.014869442994503232,8819.837559696081,-0.19060100220961174
2023-11-07,-0.00148164605610925,8806.769682160233,-0.1918002450425066
2023-11-08,0.03755641961394999,9137.520419786855,-0.1614471559134315
2023-11-09,0.02162329373212814,9335.103707807226,-0.14331488145583615
2023-11-10,-0.0057556512454844016,9281.37410652466,-0.14824566222537272
2023-11-13,-0.016211124051070502,9130.912599519395,-0.16205355745607453
2023-11-14,0.020721512595109792,9320.118919955185,-0.14469003969287308
2023-11-15,-0.023275349184797383,9103.189897649392,-0.16459767768025646
2023-11-16,0.00544358824279978,9152.74391514821,-0.1600500914204691
2023-11-17,0.030887507503970048,9435.449361509267,-0.1341061323162599
2023-11-20,-0.03142076829907534,9138.980293323626,-0.16131318290434082
2023-11-21,0.012254190812309588,9250.97110166795,-0.15103575461588215
2023-11-22,0.006462246994256534,9310.753161863659,-0.14554953797291725
2023-11-24,-0.0024931431084470965,9287.540121783706,-0.1476798052538295
2023-11-27,0.020501713297993957,9477.95060660413,-0.13020578098305335
2023-11-28,-0.002081767914981417,9458.219713131524,-0.13201649068083898
2023-11-29,-0.009905485099479769,9364.531458695494,-0.14061428839899415
2023-11-30,0.026430230442536395,9612.038183135197,-0.11790052600235645
2023-12-01,0.00211394453175758,9632.35749869148,-0.11603581664283302
2023-12-04,0.01751871489446107,9801.104023472579,-0.10054990013768372
2023-12-05,-0.018032018143458468,9624.370337895398,-0.11676880065753659
2023-12-06,0.012412359983234847,9743.831487141324,-0.10580581706287351
2023-12-07,0.02591847689006449,9996.376758361479,-0.08262966579718756
2023-12-08,-0.019856855917669187,9797.880145371959,-0.10084575634659676
2023-12-11,0.00483863268720843,9845.288488508708,-0.09649507923241307
2023-12-12,0.03445153807640374,10184.473819743744,-0.06536794505237054
2023-12-13,0.019909915184074718,10387.245829689271,-0.046759500110045815
2023-12-14,-0.01878992849562054,10192.070223282977,-0.06467082094210763
2023-12-15,0.0031029035987876394,10223.6952346579,-0.061768584666357595
2023-12-18,0.005963689438456692,10284.66617795083,-0.05617326388390398
2023-12-19,-0.0035428868075010698,10248.228769829417,-0.05951713517585644
2023-12-20,0.023815443984941138,10492.294888042152,-0.03711911818984004
2023-12-21,0.020285515660613113,10705.136500309303,-0.017586582982574983
2023-12-22,-0.0029890260229717964,10673.138568730414,-0.020523042251356594
2023-12-26,0.036945569245848874,11067.463748791984,0.0
2023-12-27,0.010909456517333846,11188.203763316598,0.0
2023-12-28,-0.02983068095236659,10854.452026423032,-0.02983068095236674
2023-12-29,-0.033564263324157385,10490.130340368736,-0.0623936994458999
2024-01-02,-0.04353513805006517,10033.441067837606,-0.10321251917713359
2024-01-03,0.018205127322786063,10216.10113996326,-0.08688638890727263
2024-01-04,-0.005882275661066194,10156.007216876666,-0.09225757487759156
2024-01-05,0.01903106630086565,10349.286863573116,-0.07498226860097845
2024-01-08,0.004631529950962629,10397.21989565286,-0.07069802127283231
2024-01-09,0.007106086487216131,10471.103439457973,-0.06409432103925594
2024-01-10,0.0019518517368203319,10491.541480892705,-0.06226757191427634
2024-01-11,-0.02032185909102252,10278.333853270386,-0.08132403818291678
2024-01-12,0.013026724196857742,10412.226873580166,-0.06935669980204251
2024-01-16,-0.007347746746853734,10335.720467442316,-0.07619483108355318
2024-01-17,0.0035289180650593575,10372.194378115275,-0.07293479833436889
2024-01-18,0.03405611118984823,10725.430983139087,-0.04136256274620509
2024-01-19,-0.006311414833921558,10657.7383389319,-0.04741292128804131
2024-01-22,0.01039861908025728,10768.564100175507,-0.03750733111574067
2024-01-23,0.023118321323362445,11017.515225234589,-0.015256116325093716
2024-01-24,0.006081710366035758,11084.520561787855,-0.00926718923985781
2024-01-25,-0.0036737810940298448,11043.798459711574,-0.012906924709263357
2024-01-26,0.01598268895965682,11220.308055426281,0.0
2024-01-29,-0.0027017291644506245,11189.993821918815,-0.0027017291644506614
2024-01-30,-0.023222386489978968,10930.13546056574,-0.025861375055581504
2024-01-31,0.02851093815189452,11241.763876673758,0.0
2024-02-01,0.06414150661764868,11962.827548763473,0.0
2024-02-02,0.026301157114047236,12277.463755651754,0.0
2024-02-05,-0.006166324572536445,12201.756929206853,-0.006166324572536408
2024-02-06,0.03406477858063367,12617.407077294996,0.0
2024-02-07,0.019112240380624795,12858.553994336455,0.0
2024-02-08,0.01516659450343244,13053.574468669049,0.0
2024-02-09,0.05801403787526862,13810.865032302056,0.0
2024-02-12,-0.04468246099009917,13193.761594256694,-0.044682460990099204
2024-02-13,0.0673144647904614,14081.892594547027,0.0
2024-02-14,0.020748275358115614,14374.067579662098,0.0
2024-02-15,-0.03184742766174684,13916.29050221375,-0.03184742766174686
2024-02-16,-0.028635039090542696,13517.796979687511,-0.059570514416262155
2024-02-20,-0.03186488137530089,13087.053982474368,-0.08953718841622316
2024-02-21,0.08693288627217377,14224.749357970613,-0.010388028361766999
2024-02-22,-0.026990046913082027,13840.822705472152,-0.037097701902030544
2024-02-23,0.049002819536227225,14519.062042741321,0.0
2024-02-26,0.00820659488522644,14638.214103039567,0.0
2024-02-27,0.012090743219795438,14815.200990955806,0.0
2024-02-28,0.025577333386933115,15194.134325895904,0.0
2024-02-29,0.02731127656054529,15609.10553056852,0.0
2024-03-01,0.08335764765671315,16910.243849622104,0.0
2024-03-04,-0.06107326876320196,15877.47998214285,-0.06107326876320196
2024-03-05,0.0736989934574759,17047.634275468,0.0
2024-03-06,0.029794865121925085,17555.566239353477,0.0
2024-03-07,0.0033058535664573876,17613.602370617024,0.0
2024-03-08,-0.005831258215819757,17510.89290708318,-0.005831258215819757
2024-03-11,0.03322897872058963,18092.761994871173,0.0
2024-03-12,0.02177179143693588,18486.67383554163,0.0
2024-03-13,-0.04289056796233759,17693.769895000765,-0.04289056796233759
2024-03-14,-0.0035559462706874676,17630.851799928234,-0.04629399767783171
2024-03-15,-0.05677770982395234,16629.8124124828,-0.10044324033504148
2024-03-18,-0.06020652424783738,15628.589208233667,-0.15460242619811582
2024-03-19,0.03815409709507558,16224.883918343665,-0.12234704508333738
2024-03-20,0.019232905408789303,16536.93557601376,-0.10546722881968063
2024-03-21,-0.009834944412680235,16374.29573386759,-0.11426490889955987
2024-03-22,0.06247595371715699,17397.295476287745,-0.05892776434230673
2024-03-25,-0.01571101503644632,17123.96630546629,-0.07371296438710695
2024-03-26,-0.008566702014435879,16977.27038882212,-0.0816481894010378
2024-03-27,-0.012029449456189167,16773.043172775724,-0.09269545608963792
2024-03-28,-0.011784259983612766,16575.385271311374,-0.1033873687193908
2024-04-01,-0.027771055910984,16115.069320195684,-0.12828724823317916
2024-04-02,0.00829871176308613,16248.803635526141,-0.12105315536605965
2024-04-03,-0.014994873043912596,16005.154887895962,-0.13423285171369304
2024-04-04,-0.014247136088335978,15777.127268093212,-0.14656755409613864
2024-04-05,0.007602337880841303,15897.070320374294,-0.1400794722839045
2024-04-08,-0.03224582053640832,15384.456243768842,-0.1678083152962112
2024-04-09,0.0020617733498591874,15416.175505654319,-0.1660925246587146
2024-04-10,0.01044758519344613,15577.237312606761,-0.15738020526663488
2024-04-11,-0.028376881622029154,15135.203893388665,-0.18129112743416198
2024-04-12,-0.025740271575550033,14745.619634821518,-0.20236491615531904
2024-04-15,0.0011156335935202197,14762.070343443398,-0.20147504766041158
2024-04-16,-0.013505238139021178,14562.705068030213,-0.21225931730170822
2024-04-17,-0.012261902317856621,14384.13860100227,-0.22191851660475637
2024-04-18,-0.06842030267647993,13399.971484181257,-0.2751550872056234
2024-04-19,0.004642274181513844,13462.177825835292,-0.27179015838135656
2024-04-22,0.0082230553821969,13572.878059662118,-0.2658020485238656
2024-04-23,-0.017353948148038294,13337.335037595096,-0.2785432817041783
2024-04-24,-0.026867051258752828,12979.000173484868,-0.29792669633560376
2024-04-25,0.018295457644168418,13216.456921422516,-0.2850819439453104
2024-04-26,-0.0036398825036100613,13168.350571114514,-0.28768416166905875
2024-04-29,-0.03079445999582307,12762.838326241354,-0.3096195432569321
2024-04-30,-0.011779205243667136,12612.502234104815,-0.3177516763531254
2024-05-01,0.01150426484994427,12757.599800226471,-0.3099029109444612
2024-05-02,0.017665515283597628,12982.969374479393,-0.2977119902705845
2024-05-03,0.02407242836316892,13295.500974687762,-0.28080621246606075
2024-05-06,-0.03051763519758009,12889.75372617317,-0.30275430611038745
2024-05-07,-0.004030249742674573,12837.804799535123,-0.305564380388767
2024-05-08,-0.0005762896704179136,12830.406505238308,-0.30596457646311925
2024-05-09,-0.0010646744863610684,12816.74629878254,-0.3067034982711897
2024-05-10,-0.0007735353717996196,12806.83209216905,-0.30723978763842186
2024-05-13,0.011300948808917763,12951.561446047057,-0.2994109399416688
2024-05-14,0.01287732833559487,13118.342955246439,-0.2903892245869717
2024-05-15,-0.010223887777579025,12984.222489044205,-0.29764420552055537
2024-05-16,0.01454837902468975,13173.121879155722,-0.28742606721228114
2024-05-17,0.024219123627942058,13492.163346512943,-0.27016815104004654
2024-05-20,-0.00321086746171989,13448.841798235417,-0.2725115443763988
2024-05-21,-0.00944488457058873,13321.819039842974,-0.2793825888661996
2024-05-22,0.001840906380197997,13346.343261509266,-0.2780559996763615
2024-05-23,0.0224794677150566,13646.361953970427,-0.26182708282900746
2024-05-24,0.010716450945217431,13792.60252243083,-0.25391648897305663
2024-05-28,-0.020081479692995934,13515.62665496307,-0.2688989498490233
2024-05-29,-0.019707281237805074,13249.270399368539,-0.28330696385760323
2024-05-30,-0.0033851561458218362,13204.419550248462,-0.28573308169356837
2024-05-31,0.02399048439586669,13521.199971425174,-0.26859747233545417
2024-06-03,0.0029912299052316333,13561.64498913432,-0.2664096792219418
2024-06-04,0.0201154420312528,13834.44347276168,-0.2516531856496427
2024-06-05,-0.01047438632946925,13689.53616717477,-0.2594916592915759
2024-06-06,-0.008269112832928915,13576.335847977942,-0.2656150063146189
2024-06-07,0.00622889635558092,13660.901436863554,-0.2610405983038586
2024-06-10,0.010042967853511813,13798.097430843969,-0.2536192527875739
2024-06-11,0.03428997538279608,14271.233852077032,-0.22802587533946683
2024-06-12,0.007791430950824463,14382.42718521856,-0.22201109225135107
2024-06-13,-0.0007464174124947778,14371.691891133574,-0.22259179671882245
2024-06-14,0.012970213006978462,14558.09579623224,-0.21250864672889325
2024-06-17,0.017974480525928482,14819.77000561622,-0.1983538987351846
2024-06-18,-0.0297340187856468,14379.118685870262,-0.22219005896963318
2024-06-20,-0.020604658299299843,14082.841858702828,-0.2382165670263624
2024-06-21,-0.029547494960604048,13666.729159851822,-0.2607253591732226
2024-06-24,0.03041473709253839,14082.399134163645,-0.23824051533329538
2024-06-25,0.0073065483392707655,14185.292864170315,-0.23267468283568016
2024-06-26,0.0010795173753507068,14200.606134291624,-0.23184634182325492
2024-06-27,-0.0038913414447425128,14145.34672710079,-0.23483548998924864
2024-06-28,0.013286897603466463,14333.29450062931,-0.224668827494929
2024-07-01,0.025312228877701275,14696.102131600735,-0.2050434674004642
2024-07-02,0.020807940826737537,15001.897755138772,-0.1885020589103048
2024-07-03,0.01954523646538997,15295.113394192562,-0.17264113976052964
2024-07-05,0.009557048248863128,15441.289530872693,-0.16473403121409658
2024-07-08,0.004517294511328523,15511.04238331834,-0.16096088883780046
2024-07-09,0.02419055624972118,15886.26312658381,-0.14066406602351533
2024-07-10,-0.04937111283908372,15101.940637169866,-0.18309043738654773
2024-07-11,0.01920791149202204,15392.017376286396,-0.1673993108108821
2024-07-12,0.002428038416815178,15429.389785788306,-0.1653777243516641
2024-07-15,0.006919928785363998,15536.160064307585,-0.15960219764149908
2024-07-16,-0.0492174143366735,14771.51043722168,-0.20096440448780728
2024-07-17,-0.01868938509884747,14495.4399901688,-0.21589788844002156
2024-07-18,0.011508637205994508,14662.262750156917,-0.20687394170562345
2024-07-19,0.013551986120110791,14860.96553143646,-0.19612550837211995
2024-07-22,-0.017134407529826017,14606.33169173413,-0.2098994215145037
2024-07-23,-0.06512672587587061,13655.06913159452,-0.2613560853038954
2024-07-24,-0.012599596324791998,13483.020772749302,-0.2706627004568305
2024-07-25,0.025252454843186983,13823.500145962906,-0.2522451432346646
2024-07-26,-0.004256957275331504,13764.654096446004,-0.25542830371233627
2024-07-29,-0.02307260622940736,13447.067652594707,-0.27260751327034327
2024-07-30,0.012473570162039186,13614.800594433034,-0.2635343320517808
2024-07-31,-0.028000397954092964,13233.580759723289,-0.2841556638338578
2024-08-01,-0.02443211552981141,12910.25638572864,-0.30164525535643016
2024-08-02,-0.03734228213145405,12428.157949383354,-0.32772341525874993
2024-08-05,0.02324396549812337,12717.037623964048,-0.31209704151782813
2024-08-06,-0.0037636451773875312,12669.17520663996,-0.3146860641700301
2024-08-07,0.03807081440947169,13151.501024653031,-0.28859560450682276
2024-08-08,0.012489324834876026,13315.754393016128,-0.27971064392254974
2024-08-09,0.0006345760506567913,13324.204251850364,-0.27925356554764
2024-08-12,0.021224942569655108,13607.009721882243,-0.263955763869105
2024-08-13,0.0017557992502106696,13630.900899349532,-0.26266341795118453
2024-08-14,0.01796467260210029,13875.775571278022,-0.24941740765712583
2024-08-15,0.0051068935319185296,13946.637679793334,-0.2455842622711194
2024-08-16,0.009998824186543983,14086.087657947019,-0.23804099194600636
2024-08-19,-0.008883321101817129,13960.956418213133,-0.244809718480972
2024-08-20,0.005413235324239837,14036.530360656376,-0.24072169577253066
2024-08-21,-0.024287528034145633,13695.617736019796,-0.259162688872174
2024-08-22,0.010568595302402617,13840.361177288198,-0.2513330791459438
2024-08-23,-0.01670658435800219,13609.136015734613,-0.2638407462152379
2024-08-26,-0.0066499231169616455,13518.636307541705,-0.2687361486547464
2024-08-27,-0.010949299067533447,13370.616715625214,-0.2767429752604019
2024-08-28,-0.0034215255899111194,13324.868808379808,-0.2792176176786315
2024-08-29,0.005812920409707453,13402.325210232713,-0.275027767057478
2024-08-30,-0.031896700022147895,12974.835263402649,-0.29815198889603245
2024-09-03,0.002631945140996647,13008.984318029394,-0.2963047634334892
2024-09-04,0.009368769877855157,13130.862498449636,-0.2897120046979548
2024-09-05,-0.027479575058677947,12770.03197683831,-0.30923041697813525
2024-09-06,0.031763747533111376,13175.656048540362,-0.2872889863394761
2024-09-09,0.013514179926445455,13353.714235029298,-0.2776572814653083
2024-09-10,0.011212082459840825,13503.437180177596,-0.26955831534083174
2024-09-11,0.008324709706759767,13615.849374746042,-0.26347760035832757
2024-09-12,0.005387793181329944,13689.208755165315,-0.25950936999564145
2024-09-13,0.0024290876752499266,13722.461043436411,-0.25771065333265974
2024-09-16,0.004737968568527077,13787.477632543052,-0.25419370973939726
2024-09-17,-0.003652252201457836,13737.122287007047,-0.2569175824048626
2024-09-18,0.029534481928164862,14142.841076937648,-0.23497102817126192
2024-09-19,0.0027765647362181602,14182.10959074181,-0.23284687570589702
2024-09-20,0.015327493217623464,14399.485779305498,-0.22108834139640055
2024-09-23,0.0028718691327198433,14440.839218042123,-0.21885140904694123
2024-09-24,-0.00011475857407725938,14439.182007924981,-0.21894105254538154
2024-09-25,0.012557243675606622,14620.498334874928,-0.2091331050171812
2024-09-26,0.010998689631029698,14781.304658311205,-0.20043460549980896
2024-09-27,-0.0033653685873834735,14731.56011993358,-0.20312543776201875
2024-09-30,-0.02124186775694435,14418.634268012474,-0.2200525418319509
2024-10-01,-0.0006003917458161271,14409.977439012018,-0.2205208158480052
2024-10-02,0.006924442083135492,14509.758493207748,-0.2151233573823349
2024-10-03,0.03061229651872714,14953.935522616945,-0.19109648086789988
2024-10-04,-0.0016015409297559324,14929.986182816541,-0.1923919729620136
2024-10-07,0.02817633711062867,15350.658506560609,-0.16963653693894154
2024-10-08,0.0021917712113615115,15384.30363795073,-0.1678165702056379
2024-10-09,-0.010455667216495768,15223.450478754794,-0.1765176032106497
2024-10-10,0.03656506747199432,15780.096972667028,-0.14640691381004745
2024-10-11,-0.006184661841773058,15682.502409060697,-0.1516860983986077
2024-10-14,-0.021183182571072896,15350.297097358274,-0.16965608665380916
2024-10-15,0.0021028476078210345,15382.576432888796,-0.16790999994196032
2024-10-16,0.017026238871830468,15644.483853699352,-0.15374263683811062
2024-10-17,0.02277749830430703,16000.826058148747,-0.13446701118368343
2024-10-18,0.008613413288538855,16138.647785945604,-0.12701181783614424
2024-10-21,-0.004933242086089251,16059.031929475406,-0.13131847987705347
2024-10-22,-0.01644488797384434,15794.942948426793,-0.1456038501604242
2024-10-23,0.024590607445921713,16183.350190102285,-0.12459372983641237
2024-10-24,0.011219502702546402,16364.91933129639,-0.11477210682248595
2024-10-25,0.0037617950254248966,16426.48080342834,-0.11144206093756337
2024-10-28,0.013496744306669065,16648.184814690623,-0.0994494216323768
2024-10-29,-0.024227363189078366,16244.843194746214,-0.12126738756462374
2024-10-30,-0.04240755575998826,15555.93910115275,-0.1585322898245971
2024-10-31,-0.006035391330842891,15462.052921158533,-0.16361087674777386
2024-11-01,-0.012987185490437203,15261.24437180849,-0.17447321743363464
2024-11-04,0.060318722770448696,16181.783140203677,-0.12467849629643368
2024-11-05,0.08910416780948609,17623.6474605851,-0.046683702143179295
2024-11-06,0.018956078648862673,17957.72270792778,-0.028612563423762838
2024-11-07,0.030785662192389002,18510.563092958637,0.0
2024-11-08,0.10553957446717423,20464.160044937275,0.0
2024-11-11,-0.013566052777276091,20186.54216972503,-0.013566052777276072
2024-11-12,-0.025675470297058207,19668.243205845945,-0.03889320828920295
2024-11-13,-0.030705834723884978,19064.313380658066,-0.06840479458747795
2024-11-14,0.05610610198574295,20133.93769148143,-0.016136618983173867
2024-11-15,0.030885410938839175,20755.78263089982,0.0
2024-11-18,0.025940527190623102,21294.198574599337,0.0
2024-11-19,0.011730609674838133,21543.992506416456,0.0
2024-11-20,-0.020005867708958885,21112.986242410287,-0.020005867708958958
2024-11-21,0.029467448015879694,21735.132066968494,0.0
2024-11-22,-0.0077827602248726575,21565.972745635336,-0.007782760224872676
2024-11-25,-0.03427693104128656,20826.757384994926,-0.04179292213062058
2024-11-26,0.04854740446100042,21837.8423993754,0.0
2024-11-27,-0.003833680754741923,21754.123083243827,-0.003833680754741997
2024-11-29,0.007923697378353264,21926.496171286897,0.0
2024-12-02,0.008809694435654639,22119.661902600485,0.0
2024-12-03,0.03633943499534844,22923.477918429122,0.0
2024-12-04,-0.008551577375338163,22727.44602329782,-0.008551577375338182
2024-12-05,0.04787933736363942,23815.621078861204,0.0
2024-12-06,-0.037425371044228085,22924.312623336085,-0.03742537104422805
2024-12-09,0.0016650720450944556,22962.483255438205,-0.035822614938236796
2024-12-10,0.04097454435146941,23903.360544008032,0.0
2024-12-11,-0.01099499053232661,23640.543321135876,-0.010994990532326554
2024-12-12,0.019104818846886678,24092.191618728157,0.0
2024-12-13,0.01715485826480473,24505.489751235953,0.0
2024-12-16,-0.011748172064184825,24217.595041121316,-0.01174817206418477
2024-12-17,-0.048050622463635416,23053.924524823185,-0.05923428754732629
2024-12-18,0.003904005629336904,23143.927175946403,-0.05556153291002397
2024-12-19,0.015834733785542066,23510.405101529486,-0.040606601206828685
2024-12-20,0.006578519460459879,23665.068759013197,-0.03429521306263095
2024-12-23,0.020559947555338354,24151.621331591985,-0.0144403732892594
2024-12-24,-0.007424707410681038,23972.30260971135,-0.02175786515336675
2024-12-26,-0.022678469991374257,23428.64746435287,-0.043942900052783895
2024-12-27,-0.01588114176031184,23056.57379271911,-0.059126178387998385
2024-12-30,-0.015482964234860805,22699.589685308012,-0.07369369411753379
2024-12-31,-0.015559322617331395,22346.399446113257,-0.08810639277322752
2025-01-02,0.03416913962689779,23109.95668894593,-0.056947772783020434
2025-01-03,0.013252463435117675,23416.22054495334,-0.044450007624421195
2025-01-06,-0.05487965085011045,22131.146537217115,-0.0968902575758187
2025-01-07,-0.010785849611207893,21892.443318943086,-0.10663106344002271
2025-01-08,-0.013597700822386316,21594.756424421048,-0.11877882696337871
2025-01-10,-0.00794422870194696,21423.202740622608,-0.12577944949897957
2025-01-13,-0.003900558222560209,21339.6402910191,-0.12918939765556747
2025-01-14,0.034880680493744355,22083.98146586157,-0.09881493126462626
2025-01-15,-0.0205416401324236,21630.340265898725,-0.11732675063930187
2025-01-16,0.019390917926368045,22049.772418714183,-0.10021090610514793
2025-01-17,0.005789351965691877,22177.426312009527,-0.09500171034569949
2025-01-21,0.023897275505922133,22707.406378599906,-0.07337471688544239
2025-01-22,-0.012720383155455706,22418.55946899748,-0.085161745528192
2025-01-23,-0.009795767372673105,22198.95247560874,-0.09412328825262017
2025-01-24,-0.04795845663457552,21134.324975974258,-0.13756773724922877
2025-01-27,0.01790704351817468,21512.778253046275,-0.12212412518867277
2025-01-28,0.0004798114899098136,21523.10033123197,-0.12170291025722368
2025-01-29,0.01564659292062524,21859.863520504532,-0.10796055323064857
2025-01-30,-0.0013152775487465889,21831.111732797348,-0.10913383268758059
2025-01-31,-0.006466377161671588,21689.943530474487,-0.11489450932599543
2025-02-03,0.05377362841685518,22856.29049426479,-0.06729917556077336
2025-02-04,-0.008392413250302896,22664.47105906795,-0.07512678631836567
2025-02-05,0.014230782942580789,22987.00422721795,-0.061965116365055195
2025-02-06,-0.0135480044332571,22675.576192040302,-0.0746736171270912
2025-02-07,0.04216779068067544,23631.755142469963,-0.03565464790279993
2025-02-10,-0.025080373287856634,23039.06190204959,-0.05984078931180725
2025-02-11,0.009999924069910626,23269.450771712058,-0.050439268591298214
2025-02-12,0.01747942974678936,23676.187501722572,-0.03384148849632984
2025-02-13,0.016265202654483057,24061.28548952363,-0.018126724510368897
2025-02-14,0.03254074374677749,24844.257614856277,0.0
2025-02-18,-0.006026257022035279,24694.539732947494,-0.006026257022035297
2025-02-19,-0.013405063785580984,24363.50785267177,-0.01935053844784762
2025-02-20,-0.02322531001901229,23797.657829642827,-0.042126426212373835
2025-02-21,-0.034573866342497296,22974.880788576273,-0.07524381912551736
2025-02-24,-0.03181206556086489,22244.002374677028,-0.10466222337931153
2025-02-25,0.023430945330462898,22765.20037824877,-0.08368361288301407
2025-02-26,-0.04819665419437905,21667.99388795257,-0.12784699692553414
2025-02-27,0.0018111397017335034,21707.23765193996,-0.12626740599567987
2025-02-28,-0.031967429492475996,21013.31306282515,-0.15419839108979105
2025-03-03,-0.002843540150141654,20953.56086344351,-0.15660346192378172
2025-03-04,0.016467599951416462,21298.615721300353,-0.1427147451343329
2025-03-05,-0.016901093226115438,20938.645831407448,-0.1572038031481917
2025-03-06,-0.004108276307832948,20852.624088820172,-0.16066624279604969
2025-03-07,-0.03710131257199304,20078.964364554584,-0.19180662687429872
2025-03-10,-0.0028686896201871406,20021.364047897878,-0.1941250828148885
2025-03-11,0.010889768665585461,20239.392070748956,-0.18534929139334477
2025-03-12,-0.028686393746189438,19658.796900623947,-0.20871868238604752
2025-03-13,0.028662224995925134,20222.261760538826,-0.18603879922552435
2025-03-14,-0.002055156950451941,20180.701838727797,-0.1877116172446942
2025-03-17,-0.027578910364998172,19624.14007161477,-0.2101136457432321
2025-03-18,0.01849427352450228,19987.074285782357,-0.1955052714543356
2025-03-19,-0.006611332358276137,19854.933094809494,-0.20082405348523213
2025-03-20,0.007396643998678712,20001.792966529385,-0.1949128335165553
2025-03-21,0.04303912659203304,20862.652666083482,-0.16026258504065294
2025-03-24,0.005061538757518507,20968.249791137514,-0.15601222156869776
2025-03-25,-0.025983587392522822,20423.419440221245,-0.17794205176778854
2025-03-26,-0.010153265328132025,20216.05504373695,-0.18628862423129
2025-03-27,-0.04095826730234048,19388.04045745674,-0.21961683226698026
2025-03-28,-0.006553748149357497,19260.976123189015,-0.22473126700830015
2025-03-31,0.01336488052497679,19518.39676786987,-0.21436989301711595
2025-04-01,0.004832705541339671,19612.72343208802,-0.21057317404565645
2025-04-02,-0.04756519749161222,18679.84036869238,-0.24812241692735149
2025-04-03,-0.05617690025742358,17630.464839475753,-0.29036056891741646
2025-04-04,-0.021087195922375773,17258.68777320317,-0.3053248746348981
2025-04-07,-0.03024278415740043,16736.737004038223,-0.32633378451082995
2025-04-08,0.10413250439094777,18479.575343601373,-0.25618323436837065
2025-04-09,-0.03773498999571828,17782.248752885454,-0.2842511525781277
2025-04-10,0.021894551508382782,18171.58311414038,-0.26858015257118395
2025-04-11,0.017198524762634154,18484.107536305186,-0.25600081021329746
2025-04-14,0.008452404833031057,18640.342696179316,-0.24971222786577318
2025-04-15,-0.026566587861482305,18145.132394173128,-0.26964481388557293
2025-04-16,0.0036160513242271173,18210.746124195353,-0.26700381204766777
2025-04-17,-0.0087683212038789,18051.068452816115,-0.2734309580648526
2025-04-21,0.035971972740122114,18700.400995130894,-0.24729483629454485
2025-04-22,0.01684232634629031,19015.35925149738,-0.23461753028487975
2025-04-23,0.02652591225150064,19519.75900243336,-0.21431506205437967
2025-04-24,0.0198579356330927,19907.381120277165,-0.198712981128765
2025-04-25,0.008114315554656526,20068.915892553905,-0.19221108540779386
2025-04-28,-0.0014047217139990793,20040.724650623215,-0.1933458040364492
2025-04-29,0.000934748523314137,20059.45768839653,-0.19259178521794706
2025-04-30,0.015013237086032027,20360.615082489658,-0.18046997426421418
2025-05-01,0.022366297886088866,20816.006664568613,-0.16214012158201363
2025-05-02,-0.010074886061292088,20606.287769171988,-0.17058146439240285
2025-05-05,-0.01583719918053844,20279.94188540012,-0.18371713094485076
2025-05-06,0.005248367434521136,20386.378471965436,-0.17943297851754425
2025-05-07,0.036060163873758024,21121.514620456965,-0.14984319725348527
2025-05-08,0.008559790186212578,21302.3103540231,-0.14256603339659368
2025-05-09,0.031560050728255185,21974.612349425104,-0.11550537391446114
2025-05-12,0.043076166003826855,22921.194398858683,-0.07740473657170777
2025-05-13,0.005932666910400694,23057.178210415655,-0.07193128618067424
2025-05-14,-0.03002045632717563,22364.991198921965,-0.09979233247250541
2025-05-15,0.0229893302720983,22879.147368126552,-0.07909716109024068
2025-05-16,-0.01663291021140754,22498.600564238943,-0.09441445532325698
2025-05-19,-0.002662241661871752,22438.703852483013,-0.09682534288868427
2025-05-20,-0.019660431729964956,21997.54924728237,-0.11458214657505572
2025-05-21,0.025036839011247407,22548.298346428568,-0.0924140823211711
2025-05-22,-0.025525351018792275,21972.745116259524,-0.11558053144963587
2025-05-23,0.02391331038213314,22498.18619017214,-0.09443113419018978
2025-05-27,-0.013005971691631646,22205.575417469703,-0.10620893722373514
2025-05-28,-0.006301512032932961,22065.64671677832,-0.11184117236074764
2025-05-29,-0.02204403106285237,21579.23091513173,-0.13141977314597386
2025-05-30,0.0013844162709672856,21609.105553525602,-0.13021729654727665
2025-06-02,0.016293996974788838,21961.20425404264,-0.11604505980849422
2025-06-03,-0.0059861244093132315,21829.741753199603,-0.12133652405270767
2025-06-04,-0.06341475728049994,20445.413978424454,-0.1770567551111456
2025-06-05,0.01176230065241892,20685.899084601853,-0.1673770492448856
2025-06-06,0.011235109899543683,20918.307434188227,-0.1580224388882695
2025-06-09,0.01260375133017596,21181.956579336907,-0.14741036308242916
2025-06-10,-0.004022866482028542,21096.744396190108,-0.15084021735570974
2025-06-11,-0.006099690870203695,20968.060777005645,-0.1560198295292493
2025-06-12,-0.013035127924667045,20694.739422445185,-0.16702121901721778
2025-06-13,0.014863513587417942,21002.335963038775,-0.1546402275880493
2025-06-16,-0.0069225626377528715,20856.94597679551,-0.16049228356400758
2025-06-17,0.0036598402337062286,20933.279066833624,-0.1574198194468882
2025-06-18,0.001121112716280571,20956.747632188904,-0.15647519209198402
2025-06-20,0.01279774016945399,21224.946643182477,-0.14567998077388866
2025-06-23,0.04912206573636561,22267.559867439737,-0.10371401662957058
2025-06-24,0.020388171850784214,22721.554704714723,-0.08544038397316522
2025-06-25,0.013746264094958457,23033.891196333774,-0.07286860596067668
2025-06-26,-0.020652676069850568,22558.17970282771,-0.09201635031595978
2025-06-27,-0.004101128613408518,22465.665706582033,-0.09574010804218602
2025-06-30,-0.03201900872988809,21746.337360200236,-0.12469361341687091
2025-07-01,0.02699082940216463,22333.289042011318,-0.1010683680619806
2025-07-02,0.002852425414518578,22396.99308326454,-0.09850423262912589
2025-07-03,-0.022095896518752933,21902.1114417655,-0.11842358981704659
2025-07-07,0.010853287946666457,22139.821363882962,-0.10885558719034238
2025-07-08,0.022731618657454322,22643.095340270913,-0.08859843222963204
2025-07-09,0.013812434731504694,22955.851616777643,-0.07600975756061279
2025-07-10,-0.0018714296083509419,22912.891356377095,-0.07773894025814121
2025-07-11,0.008548483526503428,23108.761830681648,-0.06985500678180234
2025-07-14,0.017523147595738493,23513.70007499545,-0.053555938780202705
2025-07-15,0.024379126429299975,24086.943541944405,-0.030482459353465052
2025-07-16,0.00874701459298427,24297.63238860618,-0.0220020752772756
2025-07-17,-0.0011002350966252124,24270.89928068734,-0.023078102918482113
2025-07-18,-0.00400191329909098,24173.76924607506,-0.026987659650585916
2025-07-21,-0.02004920488077866,23689.104393719834,-0.04649578341377725
2025-07-22,0.0046828255485240056,23800.0363369964,-0.04203068950772182
2025-07-23,0.01218863362500015,24090.126260169738,-0.030354352558137454
2025-07-24,0.009554122209498398,24320.286270501645,-0.021090239542569722
2025-07-25,0.024126282633079477,24907.044370781172,0.0
2025-07-28,-0.00698404628051652,24733.09242018476,-0.006984046280516409
2025-07-29,0.014767822991133198,25098.346351069387,0.0
2025-07-30,-0.014578559666343452,24732.448611263768,-0.014578559666343471
2025-07-31,-0.031952604741560676,23942.182456497096,-0.046065341453184194
2025-08-01,0.02163605214375734,24460.196764561217,-0.02542596143912801
2025-08-04,-0.0017052433966522336,24418.486175547634,-0.027087847382932684
2025-08-05,-0.030019687310056813,23685.45085597275,-0.05629436598465121
2025-08-06,0.021301035884491504,24189.97549459619,-0.03619245841009333
2025-08-07,0.013661836367416044,24520.45498153517,-0.023025077487210388
2025-08-08,0.003260151075407688,24600.39536921271,-0.01983999164293393
2025-08-11,0.025606964653254998,25230.33682388824,0.0
2025-08-12,0.012817787101594461,25553.733909798357,0.0
2025-08-13,-0.02069012915647776,25025.023854774365,-0.02069012915647772
2025-08-14,-0.012678546948756883,24707.742914937848,-0.033106355331348314
2025-08-15,-0.004148372025606546,24605.24600541364,-0.03711738987862856
2025-08-18,-0.041555562710673365,23582.761162024126,-0.07713051856654418
2025-08-19,0.0026182609558341547,23644.506984805415,-0.07471420543597607
2025-08-20,-0.0085619511924269,23442.063870032514,-0.08263645724807911
2025-08-21,0.04193748634162716,24425.165103401552,-0.044164536203613824
2025-08-22,-0.00034120114977786954,24416.831208984757,-0.04449066836285964
2025-08-25,0.013098286973444636,24736.6498711422,-0.03197513293127208
2025-08-26,-0.005006289582139519,24612.811038595268,-0.03682134573853024
2025-08-27,0.003244380011403999,24692.664350753348,-0.03369642816523333
2025-08-28,-0.01854155891260471,24234.82385998468,-0.05161320276986803
2025-08-29,-0.01023724027358632,23986.726145141976,-0.061322066285409815
2025-09-02,0.026066690862215136,24611.980720364005,-0.03685383876808879
2025-09-03,-0.0010914584003811805,24585.117767256743,-0.0379050727365603
2025-09-04,0.007530895437148929,24770.265718471946,-0.030659636438727933
2025-09-05,-0.0031048322573781944,24693.358198445403,-0.033669275667891685
2025-09-08,0.004377757131688754,24801.459723403994,-0.02943891444787683
2025-09-09,-0.0044141727785739215,24691.981795024047,-0.03372313877166411
2025-09-10,0.013582558562764212,25027.36208378567,-0.020598626716186286
2025-09-11,0.02288307674541425,25600.065131084208,0.0
2025-09-12,0.01623142995163566,26015.590795016713,0.0
2025-09-15,0.0041797002637040115,26124.328166723062,0.0
2025-09-16,0.0031606478203106882,26206.8979676003,0.0
2025-09-17,0.009032205025979179,26443.604043138585,0.0
2025-09-18,0.0051774928698891665,26580.515614526106,0.0
2025-09-19,0.01340490408347389,26936.82487682811,0.0
2025-09-22,0.004978921375068723,27070.941209983826,0.0
2025-09-23,-0.003171726699037832,26985.079582980037,-0.003171726699037869
2025-09-24,-0.0073192527630453474,26787.56896468131,-0.010467764792677636
2025-09-25,0.0038214673298521684,26889.936784326004,-0.006686299683997254
2025-09-26,0.0025890943496808907,26959.557367717578,-0.004114516795048484
2025-09-29,0.008487233966976556,27188.369438743524,0.0
2025-09-30,0.015174093773288471,27600.928306149828,0.0
2025-10-01,-0.00534188938802708,27453.487200131513,-0.0053418893880270435
2025-10-02,-0.016020421084475656,27013.670774948143,-0.021276731155119744
2025-10-03,0.022871300674671764,27631.508561568575,0.0
2025-10-06,-0.004047920227769027,27519.658419138428,-0.0040479202277690085
2025-10-07,0.04175289140576418,28668.683728636435,0.0
2025-10-08,-0.013285323259381551,28287.810997880526,-0.013285323259381587
2025-10-09,-0.06197885720053353,26534.56479952721,-0.07444077130675897
2025-10-10,0.034546116445220744,27451.230964914932,-0.04246629441537353
2025-10-13,-0.013050913290903058,27092.967329863273,-0.05496298378007558
2025-10-14,0.027789881169349235,27845.877672485236,-0.02870051739868751
2025-10-15,-0.004340309589588809,27725.01794259283,-0.03291625785738472
2025-10-16,-0.00744171296006102,27518.696317251513,-0.04011301747475171
2025-10-17,0.024042092217554416,28180.303351817747,-0.017035326122449623
2025-10-20,-0.020168901273718176,27611.937595651507,-0.0368606435854385
2025-10-21,-0.015767640124617788,27176.56250049987,-0.05204707834723932
2025-10-22,0.009957731626304256,27447.179416405328,-0.04260761755905018
2025-10-23,0.016359195313696895,27896.193185288383,-0.026945448582853193
2025-10-24,0.01821440863067869,28404.305847205578,-0.0092218353633996
2025-10-27,-0.004856672264935727,28266.355442792705,-0.014033720196294008
2025-10-28,0.011170688596501463,28582.110097202167,-0.003019797917955813
2025-10-29,-0.015882543776322162,28128.153482363694,-0.018854379621650375
2025-10-30,-0.0020252497924542374,28071.186945361416,-0.02084144458568893
2025-10-31,0.015486095317432447,28505.90002207075,-0.005678101865663421
2025-11-03,-0.04176596135507101,27315.323703357422,-0.04720691183764303
2025-11-04,0.012163679760554788,27647.578553440955,-0.03561744183516602
2025-11-05,-0.0287694714428751,26852.172331783087,-0.06336221830229616
2025-11-06,-0.01339746566761533,26492.421274867134,-0.0759107908255825
2025-11-07,0.02728715780349796,27215.32415479118,-0.050695022750330554
2025-11-10,-0.007179690870127115,27019.926540429475,-0.05751073902845627
2025-11-11,0.003956158772411511,27126.82165984231,-0.053782101870760046
2025-11-12,-0.021853204170093638,26534.013687624058,-0.07445999478797516
2025-11-13,-0.0073044018036973095,26340.19859018485,-0.08122051087143989
2025-11-14,-0.006711085702568231,26163.42726002345,-0.08738651876474346
2025-11-17,-0.015738532584827974,25751.653307560795,-0.10174971577651792
2025-11-18,0.0063295454289136015,25914.649567040633,-0.09606419979599079
2025-11-19,-0.015968863848221493,25500.82205643019,-0.11049902751698182
2025-11-20,0.007064007633513854,25680.960058097688,-0.10421558585734392
2025-11-21,0.029369732150505794,26435.202976371853,-0.07790663754937632
2025-11-24,0.004321127925509205,26549.43287016956,-0.07392215417096426
2025-11-25,0.007300788012750063,26743.264651413407,-0.06716105613526213
2025-11-26,0.006615942499218486,26920.19655258854,-0.06098944732162137
2025-11-28,-0.0021711439814408227,26861.74892986418,-0.06302817443157849
2025-12-01,0.004743271295446698,26989.1614925087,-0.05858386286671757
2025-12-02,0.009792496178641067,27253.45275328882,-0.04936504894132887
2025-12-03,-0.0016343282416666123,27208.911665771193,-0.05091869848935937
2025-12-04,0.0038256856040985907,27313.004407434124,-0.047287811817050995
2025-12-05,-0.012495219764532273,26971.722414933596,-0.05919215998074534
2025-12-08,0.004890659681724216,27103.631930294967,-0.05459098900931325
2025-12-09,0.009079734426719444,27349.7257102216,-0.046006926264890335
2025-12-10,-0.011656318394022647,27030.92859935407,-0.05712697327803906
2025-12-11,-0.007122834592552158,26838.391766057783,-0.06384290188915853
2025-12-12,0.0013878656903919544,26875.639849175193,-0.06254364157187364
2025-12-15,0.008981740094311371,27117.0298611688,-0.05412365221071258
2025-12-16,-0.02567541448660095,26420.788879837757,-0.07840941949327485
2025-12-17,0.014635758262090274,26807.477158976784,-0.06492124254035903
2025-12-18,0.007913520577653618,27019.61868110933,-0.0575214775514753
2025-12-19,0.009167835520298817,27267.330100998934,-0.04888098947625297
2025-12-22,0.005362583445090607,27413.55343399037,-0.0437805344161073
2025-12-23,-0.0013376529257669663,27376.883614033726,-0.04505962418192089
2025-12-24,-0.0026038579474382817,27305.59809805923,-0.04754615326882461
2025-12-26,-0.019526185041190285,26772.42393693615,-0.0661439433232911
2025-12-29,-0.0031277265143755204,26688.68711673449,-0.06906478967236906
2025-12-30,-0.003008887210092922,26608.383867414777,-0.071865868720149
2025-12-31,0.005258109322721971,26748.293658690596,-0.06698563799172996
2026-01-02,0.0031503124972423477,26832.559142483475,-0.06404635118698876
2026-01-05,0.005377541218488288,26976.8523352697,-0.05901322186190239
2026-01-06,-0.017284256254261388,26510.57750657353,-0.07527747846711319
2026-01-07,0.0013244813005809195,26545.690270748582,-0.07405270077911696
2026-01-08,0.006507577438383391,26718.438405840818,-0.06802702702557517
2026-01-09,0.00847131041990636,26944.778591511844,-0.060131994668545796
2026-01-12,0.00572776662340746,27099.111995003408,-0.054748650077199756
2026-01-13,-0.0005639872996036813,27083.82844000769,-0.055281759833489486
2026-01-14,0.0017021781639790141,27129.929941375223,-0.05367368107396531
2026-01-15,-0.0022986600430729975,27067.567455447614,-0.05584896357098901
2026-01-16,-0.005652961482893237,26914.555539186353,-0.06118621301395599
2026-01-20,0.019526628039092386,27440.10605403754,-0.042854345397507765
2026-01-21,0.01082908863631371,27737.25739468656,-0.03248933026595491
2026-01-22,0.012655808482501437,28088.29481210356,-0.02024470052502414
2026-01-23,-0.0010823197193331653,28057.894296745977,-0.021305109005766987
2026-01-26,0.013918473799654385,28448.41736338871,-0.007683169807608081
2026-01-27,0.009024174564484308,28705.140847759238,0.0
2026-01-28,-0.0020210432610748654,28647.126516290667,-0.002021043261074884
2026-01-29,-0.039295798493436375,27521.414805290533,-0.041237423245777505
2026-01-30,-0.00494003189377327,27385.458138390633,-0.0459737409534996
2026-02-02,-0.017492847298700192,26906.40850097082,-0.06266237662195018
2026-02-03,-0.0393527108486438,25847.568387256626,-0.0995491530823015
2026-02-04,-0.00572612440732854,25699.561995044263,-0.10470524665443659
2026-02-05,0.012714000133357514,26026.306229676484,-0.09332246904100694
2026-02-06,0.00537457658266614,26166.1866056718,-0.08844946121508523
2026-02-09,-0.0055396126288646715,26021.236067901787,-0.09349909809158663
2026-02-10,0.008046386162515887,26230.612981730115,-0.08620504177816246
2026-02-11,-0.028330903370936394,25487.47601998429,-0.1120936784403942
2026-02-12,0.0011712968187367523,25517.329419564125,-0.11105367659061527
2026-02-13,-0.002363266728901562,25457.025163936447,-0.11315449386050802
2026-02-17,0.007073766118961544,25637.10220603065,-0.10688115616642524
2026-02-18,-0.003887012543894952,25537.45046816669,-0.11035272031559529
2026-02-19,0.012780863161517516,25863.841128094362,-0.09898226017193268
2026-02-20,-0.00040101675294048207,25853.469294506605,-0.09934358338030025
2026-02-23,0.016789815703440052,26287.54427925592,-0.08422172813313478
2026-02-24,0.011157559064085757,26580.849107201488,-0.07400387797517372
2026-02-25,-0.01828443059736005,26094.83341648196,-0.0909351898017613
2026-02-26,-0.013961179211982533,25730.518770647628,-0.10362680653224565
2026-02-27,-0.007129532191848382,25547.072208759335,-0.11001752807098408
2026-03-02,-0.026618706516942665,24867.04219126723,-0.13370771029648565
2026-03-03,0.011091441153560607,25142.853526394774,-0.12409928034345596
2026-03-04,-0.013241115649660629,24809.934095089306,-0.1356971830700492
2026-03-05,-0.011999349764840718,24512.231018239683,-0.1460682548731287
2026-03-06,0.005971145380749943,24658.597113256117,-0.1409693042777388
2026-03-09,-0.0031475184296398573,24580.983724393078,-0.14367311922415105
2026-03-10,-0.0005482584417452007,24567.506992559778,-0.14414260766542963
2026-03-11,-0.01977244051312471,24081.747421993612,-0.16106499704308308
2026-03-12,-0.011719594581803473,23799.519105386455,-0.17089697515822233
2026-03-13,0.011496661044264963,24073.13410955759,-0.1613650587108416
2026-03-16,-0.005405170281004066,23943.014720497984,-0.16589802337210935
2026-03-17,-0.03383586059231227,23132.882212255536,-0.19412058157306278
2026-03-18,-0.000759206343738827,23115.319581331027,-0.19473241033982103
2026-03-19,-0.012247748592710958,22832.208958458716,-0.2045951253278373
2026-03-20,0.009042554099757608,23038.67044318255,-0.1974026337174033
2026-03-23,-0.03387961513463764,22258.129155353774,-0.22459432359513143
2026-03-24,0.0451529462097349,23263.149263834795,-0.18958247279769924
2026-03-25,-0.041552690734971476,22296.502816953187,-0.22325750167173686
2026-03-26,-0.03242419621621184,21573.556634680976,-0.24844275284700312
2026-03-27,-0.014628970692879939,21257.957706931044,-0.2594372617896258
2026-03-30,0.04411400494465786,22195.731358327925,-0.2267680734943841
2026-03-31,0.015628161285914915,22542.60982785471,-0.21468388023553564
2026-04-01,-0.009358898743616784,22331.63582505896,-0.22203357428214132
2026-04-02,0.006204009077741676,22470.181496438447,-0.21720706351480945
2026-04-06,0.010362527416536947,22703.02936824985,-0.20909535024901027
2026-04-07,0.023136665073394697,23228.301754894488,-0.19079645426273106
2026-04-08,0.015029514615080009,23577.411855603164,-0.1786345177454982
2026-04-09,0.017734568417208756,23995.547079257067,-0.16406795540492214
2026-04-10,0.014649278030089715,24347.064519905212,-0.1518221544693874
2026-04-13,0.01640020213683537,24746.361299470234,-0.13791186635469965
2026-04-14,0.0016931981524533905,24788.261792702444,-0.1364521803195594
2026-04-15,0.016011741750239634,25185.16503896453,-0.12262527564185366
2026-04-16,0.017486548885963165,25625.566658619435,-0.10728301963305642
2026-04-17,-0.007822651582312618,25425.106779049725,-0.11426643353208132
2026-04-20,-0.0011689993659008127,25395.384845347056,-0.11530185550963934
2026-04-21,0.04393675412154128,26511.175625118984,-0.0764310906633826
2026-04-22,-0.0014547627236032121,26472.60815506066,-0.07777466428536439
2026-04-23,0.0488444411426218,27765.647905982212,-0.03272908315481626
2026-04-24,-0.016620092802727415,27304.180261056936,-0.04880521555816242
2026-04-27,-0.031182866885044975,26452.757642571123,-0.07846619590316128
2026-04-28,0.0018664199714065373,26502.129597733994,-0.07674622680686871
2026-04-29,0.033045751095564624,27377.912375923108,-0.046236612419887635
2026-04-30,0.017907279041038743,27868.176292399872,-0.029157305299364222
2026-05-01,-0.005845207663850309,27705.281014758006,-0.03483208245882141
2026-05-04,0.014265249147157563,28100.503751125543,-0.021063721646253253
2026-05-05,0.061628866482327425,29832.305944889802,0.0
2026-05-06,-0.03072534385810775,28915.698086652792,-0.030725343858107768
2026-05-07,0.03223023821507809,29847.65792414089,0.0
2026-05-08,0.0014230692111153835,29890.133207156643,0.0
2026-05-11,-0.018769596597114618,29329.107464624292,-0.018769596597114635
2026-05-12,0.01598389934444409,29797.900966201232,-0.0030857085954145713
2026-05-13,0.020867921625608427,30419.721228171562,0.0
2026-05-14,-0.04427147782340274,29072.99521442447,-0.044271477823402794
2026-05-15,-0.0011687195710115188,29039.01703592945,-0.04538845645184442
2026-05-18,-0.002099322816614513,28978.054764893866,-0.04739249424621861
2026-05-19,0.04586428228035755,30307.112448566622,-0.0037018346999397878
2026-05-20,0.026029489785473887,31095.991122473795,0.0
2026-05-21,0.008880037022122126,31372.12467488094,0.0
2026-05-22,0.025090222995120186,32159.258278804416,0.0
2026-05-26,-0.006817864670447241,31940.000807957567,-0.006817864670447205
2026-05-27,0.04153751885991561,33266.70919390382,0.0
2026-05-28,0.025643105096690377,34119.77091398413,0.0
2026-05-29,0.028373998035311505,35087.885226862796,0.0
2026-06-01,0.015776211084504038,35641.439110710635,0.0
2026-06-02,-0.005935462965677651,35429.89066882556,-0.005935462965677596
2026-06-03,-0.012349385528998854,34992.35328970595,-0.0182115491742203
2026-06-04,-0.0794167836543098,32213.373138942196,-0.09618203016775129
2026-06-05,0.023772565397755258,32979.16765856999,-0.07469595837224774
2026-06-08,-0.03564383066549942,31803.663791058807,-0.10767733894612952
2026-06-09,-0.07387627307513167,29454.127640040868,-0.17359881152527346
2026-06-10,0.04526491466210386,30787.36621411403,-0.1361918322523038
2026-06-11,0.02601361715403198,31588.25697198897,-0.11372105728198956
2026-06-12,0.044632210470434586,32998.11070555695,-0.07416446897508511
2026-06-15,-0.02931330531423724,32030.82701165196,-0.10130376856678736
2026-06-16,0.005422171363996253,32204.50364463965,-0.096430883595779
2026-06-17,0.03512178969689439,33335.58344893955,-0.06469591911282147
2026-06-18,-0.01508319086792618,32832.776481085515,-0.07880328908439294
2026-06-22,-0.0520305199718458,31124.470048655247,-0.1267336329496861
2026-06-23,-0.003929820842592839,31002.156457543384,-0.13016541332005582
2026-06-24,-0.014946766741846954,30538.77445647824,-0.14316662799115165
2026-06-25,-0.019484705679518804,29943.735424380557,-0.15986177406113367
2026-06-26,0.02086711945715238,30568.57492847447,-0.1423305093399473
2026-06-29,0.03349012376086443,31592.32028602234,-0.11360705195182463
2026-06-30,-0.01961706930598341,30972.571549434615,-0.13099548384602056
2026-07-01,-0.03551447540517035,29872.59691890734,-0.16185772336195303
2026-07-02,0.025408295979681788,30631.608703104666,-0.14056195632404922
2026-07-06,-0.03248704366329166,29636.47829369004,-0.16848255757484376
2026-07-07,-0.0034745444949014397,29533.505031186432,-0.1713717019268367
2026-07-08,0.019654068700148446,30113.95856802555,-0.15508578442961962
2026-07-09,0.01231177108329858,30484.71473232702,-0.14468339402249242
2026-07-10,-0.023923692749899028,29755.407783502505,-0.16514572570778474
2026-07-13,0.015974406734689178,30230.732769992712,-0.15180942396604713
2026-07-14,0.007375240628495742,30453.691698547158,-0.1455538143689743
2026-07-15,-0.02155465121485241,29797.272995780328,-0.1639711038821121
2026-07-16,-0.01538122933482385,29338.954306279877,-0.17683025606384095
2026-07-17,0.005520411642689793,29500.91741121661,-0.17228602022550576
2026-07-20,0.0019665652643474085,29558.93289066389,-0.17065826666406647
2026-07-21,-0.0005667631210896076,29542.1799776027,-0.17112830697330184
2026-07-22,-0.021693661990347873,28901.301910710565,-0.1891095693151904
2026-07-23,-0.008052638187868518,28668.57018326526,-0.19563937656350006
2026-07-24,-0.01211228923394993,28321.328169281758,-0.20538202508296322
2026-07-27,-0.006374459108466771,28140.795020969203,-0.21044728487092457
2026-07-28,-0.017687492371944908,27643.054923695345,-0.22441249249701845
2026-07-29,0.017641824908124843,28130.72885858486,-0.21072971348872183
2026-07-30,-0.0190044700833852,27596.11926356806,-0.22572937703643037
2026-07-31,0.018195718815318045,28098.25049008193,-0.21164096649402397
2026-08-03,0.009797976405234832,28373.556485412126,-0.2039166432848788
2026-08-04,-0.017532911263527535,27876.08543732271,-0.21787430213653614
2026-08-05,-0.0010700325240253208,27846.257119262267,-0.21871120207112604
2026-08-06,0.02497017537596602,28541.583043094484,-0.19920228376756444
2026-08-07,0.0028243997030935977,28622.195881767224,-0.1969405109355995
2026-08-10,-0.0047036328105839464,28487.56758210678,-0.2007178078972136
2026-08-11,-0.004553965190242,28357.836190983202,-0.20435771117723
2026-08-12,0.01898832083784872,28896.30388284475,-0.1892498001249029
2026-08-13,-0.0046636757626037535,28761.540890797496,-0.19303087618158654
2026-08-14,-0.012236168342967165,28409.609834654566,-0.20290508622820524
2026-08-17,-0.01833614703050797,27888.68705164697,-0.217520735764395
2026-08-18,0.03907160555092104,28978.342831462,-0.18694801460040666
2026-08-19,0.01205933444125723,29327.802359220008,-0.17714314879034476
2026-08-20,0.03871672462996804,30463.278807164053,-0.145284826672178
2026-08-21,-0.01649656496690884,29960.739349216612,-0.15938469105718323
2026-08-24,0.0008176068478284637,29985.235454874535,-0.15869739822420215
2026-08-25,0.004056373878450685,30106.86678071288,-0.1552847603264863
2026-08-26,0.03343491896255061,31113.487431742324,-0.12704177474157075
2026-08-27,-0.026793103675530023,30279.860537276352,-0.1504310349753265
2026-08-28,0.01569398699590539,30755.0722747862,-0.13709791068610444
2026-08-31,-0.033691497576545236,29718.887831773765,-0.16617037433701942
2026-09-01,-0.015967113628878517,29244.36297283994,-0.1794842267171054
2026-09-02,0.06847422086092468,31246.847941979227,-0.12330004843746012
2026-09-03,-0.02819997511001643,30365.687607748947,-0.1480229652504763
2026-09-04,-0.012013018496667582,30000.90404085303,-0.15825778112765831
2026-09-08,-0.017210543621995533,29484.572173158627,-0.1727446223040361
2026-09-09,-0.022653228043150304,28816.65143596534,-0.1914846270249052
2026-09-10,0.01368473629990467,29210.999711912795,-0.18042030735132197
2026-09-11,0.0020889350333054284,29272.019592568886,-0.17870825861876238
2026-09-14,-0.03635627416506352,28207.798022896342,-0.20856736633792106
2026-09-15,-0.0029805270837558458,28123.723916915984,-0.2109262527375192
2026-09-16,0.019033174961180916,28659.007674786597,-0.19590767404859766
2026-09-17,0.019804107580428148,29226.573745926384,-0.1799833431208594
2026-09-18,0.058834445433377014,30946.103004185654,-0.13173811786724354
2026-09-21,-0.00234990588704953,30873.38257455488,-0.133778451575568
2026-09-22,-0.014335733531441444,30430.78998875181,-0.14619637287297327
2026-09-23,0.011506459596123342,30780.9406442355,-0.13637211593441256
2026-09-24,-0.0035924705647167876,30670.36102101679,-0.1394746736867868
