Ticker,EntryDate,ExitDate,EntryPrice,ExitPrice,Shares,PnL,Return,Reason
BTC-USD,2025-03-05,2025-03-10,90668.87428125,78492.73400000001,0.044072456305177254,-536.6324105110988,-0.13429239502279744,STOP
BTC-USD,2025-03-10,2025-04-03,78571.26599999999,83061.2767109375,0.048091129465458855,215.92968640099272,0.05714570910614469,ML_EXIT
BTC-USD,2025-04-04,2025-04-05,83885.72658984375,83463.0444765625,0.03452695958838218,-14.59392824399361,-0.005038784671293817,ML_EXIT
BTC-USD,2025-04-07,2025-04-11,79274.95360546875,83363.13351953126,0.048610775728562074,198.72959694050476,0.051569628591753514,ML_EXIT
BTC-USD,2025-04-12,2025-04-22,85329.7529296875,93395.1696796875,0.046055079712824805,371.45341133840253,0.09452056841938794,ML_EXIT
BTC-USD,2025-04-26,2025-05-05,94694.25315234375,94700.68066015626,0.04303334642676979,0.27659717035636233,6.787642965155882e-05,ML_EXIT
BTC-USD,2025-05-12,2025-05-13,102864.3596015625,104117.72759375001,0.03958477606360422,49.61429129603204,0.012184667235982882,ML_EXIT
BTC-USD,2025-05-15,2025-05-17,103796.5129453125,103139.49039453125,0.029541547499810937,-19.40946289235103,-0.006329909667846079,ML_EXIT
BTC-USD,2025-05-19,2025-05-20,105658.98277734374,106737.69039453125,0.03859787998708787,41.635827149360985,0.010209331841294356,ML_EXIT
BTC-USD,2025-05-24,2025-06-01,107845.051828125,105599.27551171876,0.0379393654821228,-85.20332845923159,-0.02082410160074266,ML_EXIT
BTC-USD,2025-06-11,2025-06-17,108740.9683125,104548.81662890625,0.03728390573690655,-156.2997882059235,-0.03855172294903919,ML_EXIT
BTC-USD,2025-06-19,2025-06-20,104736.63120703124,103257.94676171876,0.0285620075302441,-42.23419626186986,-0.014118121122204008,ML_EXIT
BTC-USD,2025-07-01,2025-07-02,105751.130390625,108804.89065234376,0.028151467616250474,85.96783311556841,0.02887685692284081,ML_EXIT
BTC-USD,2025-07-23,2025-08-01,118814.33841796874,113263.42589453126,0.033677225840571576,-186.9393346730611,-0.04671921417354785,STOP
BTC-USD,2025-08-01,2025-08-12,113376.74598046874,120112.819796875,0.034605963926564225,233.10832749722897,0.0594131870530723,ML_EXIT
BTC-USD,2025-08-18,2025-08-20,116310.43865625,114217.60481640625,0.025879650134579647,-54.161807564965095,-0.01799351686763917,ML_EXIT
BTC-USD,2025-08-23,2025-08-29,115432.01528906249,108356.63051953126,0.03456062860254143,-244.529745239847,-0.06129482147403553,STOP
BTC-USD,2025-08-30,2025-09-01,108862.47434765624,109195.96845312501,0.035720267555851795,11.912498675643782,0.0030634441065866547,ML_EXIT
BTC-USD,2025-09-14,2025-09-16,115465.360078125,116784.76590625,0.025268895754740416,33.33992832908767,0.01142685414250888,ML_EXIT
BTC-USD,2025-09-17,2025-09-18,116526.74206640624,117078.6345234375,0.025109381295414394,13.857678137661177,0.004736187138200121,ML_EXIT
BTC-USD,2025-09-20,2025-09-24,115779.82191796874,113271.96849609376,0.025292047191608057,-63.428747095697865,-0.021660539637483822,ML_EXIT
BTC-USD,2025-09-25,2025-10-01,109103.81370703124,118589.60522265626,0.035532665979264876,337.0554614736487,0.0869428042276923,ML_EXIT
BTC-USD,2025-10-16,2025-10-24,108240.13208203124,110978.4049140625,0.037030647678116396,101.40001648950758,0.025298129070611575,ML_EXIT
BTC-USD,2025-10-27,2025-11-03,114176.3877890625,106494.24967578126,0.03543181075147749,-272.1920637964932,-0.06728307193842709,STOP
BTC-USD,2025-11-03,2025-11-14,106600.79719921874,94350.59016796875,0.036900120114418185,-452.0341108796147,-0.1149166549698164,STOP
BTC-USD,2025-11-14,2025-11-21,94444.98795703125,85048.14215625,0.03970549217952517,-373.1063874551236,-0.09949544178094916,STOP
BTC-USD,2025-11-21,2025-11-26,85133.23284375,90473.10800390625,0.03169774514279537,169.2620019209766,0.06272374467391417,ML_EXIT
BTC-USD,2025-12-10,2025-12-11,92066.95578515624,92465.08026953126,0.029843392553106553,11.88138527220678,0.004324292912476269,ML_EXIT
BTC-USD,2025-12-12,2025-12-16,90315.54926953124,87800.06238281251,0.030443261269118987,-76.57962451142109,-0.027852201609400495,ML_EXIT
BTC-USD,2025-12-17,2025-12-21,86186.82969140625,88577.439125,0.042155288848848914,100.77683119792772,0.027737526048392525,ML_EXIT
BTC-USD,2025-12-23,2025-12-27,87457.707,87758.255171875,0.03147712059839836,9.460391051737812,0.003436497276049222,ML_EXIT
BTC-USD,2025-12-29,2026-01-14,87181.7096953125,96880.8634609375,0.04212042976817516,408.5325249957395,0.1112521628621661,ML_EXIT
BTC-USD,2026-01-15,2026-01-19,95598.96309374999,92507.316953125,0.04008705814007829,-123.93499858778253,-0.03233974554298391,ML_EXIT
BTC-USD,2026-01-27,2026-01-31,89147.12159765624,78581.80662890626,0.04239892360942617,-447.9579822695573,-0.1185154919127277,STOP
BTC-USD,2026-01-31,2026-02-05,78660.42774609374,62670.746607421876,0.04573957724747595,-731.3612556047913,-0.20327477992218157,STOP
BTC-USD,2026-02-05,2026-02-13,62733.448705078124,68823.41482812501,0.052652264413953084,320.6505065826813,0.09707685849819891,ML_EXIT
BTC-USD,2026-02-15,2026-02-28,68822.58159375,66962.3614453125,0.0498153474431492,-92.66751301516047,-0.027029212002219194,ML_EXIT
BTC-USD,2026-03-06,2026-03-22,68170.56043359375,67811.28833203125,0.03728170766377855,-13.394277462204457,-0.005270194337223755,TRAILING_STOP
BTC-USD,2026-03-22,2026-04-10,67879.13354296875,72942.5573515625,0.049813649169552346,252.22761719804782,0.07459470303032845,ML_EXIT
BTC-USD,2026-04-11,2026-04-12,73090.80057421875,70718.029546875,0.03570175373541404,-84.71208688875211,-0.03246333339767382,ML_EXIT
BTC-USD,2026-04-18,2026-05-18,75764.07404296874,76915.6947890625,0.04544884140761689,52.33982865093667,0.015200090024734214,TRAILING_STOP
BTC-USD,2026-05-18,2026-05-19,76992.6489609375,76712.530796875,0.033719421711065525,-9.445422502952876,-0.0036382455707507644,ML_EXIT
BTC-USD,2026-06-16,2026-06-24,65633.4409453125,60964.635246093756,0.052651264144026745,-245.81852210670343,-0.07113455628677023,STOP
BTC-USD,2026-06-24,2026-06-29,61025.630378906244,60108.30971679688,0.04123008969439044,-37.821213177286666,-0.015031727757890412,ML_EXIT
BTC-USD,2026-07-05,2026-08-13,63579.656753906245,63370.47078906251,0.03937202178985873,-8.236074365960294,-0.0032901398894527034,TRAILING_STOP
BTC-USD,2026-08-13,2026-08-17,63433.87296093749,64474.000779296875,0.05253329021249855,54.6413365399664,0.016397041041462,ML_EXIT
BTC-USD,2026-08-18,2026-08-19,64713.05129296875,69231.55440625,0.05179076329904277,234.01672520593712,0.0698236757964803,ML_EXIT
BTC-USD,2026-08-25,2026-08-31,78604.25905078124,78509.35849609376,0.032844384423710266,-3.1169503001790386,-0.00120732077159047,ML_EXIT
BTC-USD,2026-09-01,2026-09-15,77442.32681249999,75574.70155859375,0.044406844703174755,-82.93534461394175,-0.024116337031402146,TRAILING_STOP
ETH-USD,2025-03-05,2025-03-11,2243.0982835693358,1918.8850482177736,1.3360983876422108,-433.18078100548684,-0.14453813180029595,ML_EXIT
ETH-USD,2025-03-12,2025-03-29,1909.9371573486328,1826.40665234375,2.0004206122960335,-167.09614396726454,-0.04373468764848765,TRAILING_STOP
ETH-USD,2025-03-29,2025-04-06,1828.23397265625,1575.9396633300782,2.0516617962936357,-517.6225958667957,-0.137998917589094,STOP
ETH-USD,2025-04-06,2025-04-09,1577.5163913574218,1667.2060190429688,2.2448473021245214,201.3395187384531,0.056854957689771446,ML_EXIT
ETH-USD,2025-04-10,2025-04-12,1523.280058227539,1642.7068001708985,2.3756804284591806,283.7197734694843,0.07840104076614929,ML_EXIT
ETH-USD,2025-04-13,2025-04-18,1597.4841339111326,1588.130220275879,2.334416959468369,-21.835934627538304,-0.005855403153427474,ML_EXIT
ETH-USD,2025-05-07,2025-05-10,1812.5124927978516,2581.131396118164,1.5382633052399812,1182.3382546914333,0.4240626789467521,ML_EXIT
ETH-USD,2025-05-19,2025-05-22,2530.4313314208985,2662.8249039306643,1.6547597034451302,219.07954878430144,0.05232055534003499,ML_EXIT
ETH-USD,2025-05-24,2025-06-09,2531.911563354492,2680.1763312988282,1.687011653629964,250.12439134483748,0.05855843074862466,ML_EXIT
ETH-USD,2025-06-11,2025-06-12,2774.9160615234373,2650.4692684326174,1.5740291204020145,-195.8828762655948,-0.04484704774186876,ML_EXIT
ETH-USD,2025-06-14,2025-06-22,2534.7108138427734,2227.099028198242,1.69096594756001,-520.1610545930314,-0.12135971644756327,STOP
ETH-USD,2025-06-22,2025-06-26,2229.327241333008,2414.938655151367,1.8279209634252842,339.28299436958446,0.08325893586953814,ML_EXIT
ETH-USD,2025-06-27,2025-07-11,2425.0788768310545,2956.4072873535156,1.73487862553383,921.7903025542819,0.21909737270763285,ML_EXIT
ETH-USD,2025-08-03,2025-08-06,3499.12783996582,3682.078693969727,0.979922573020721,179.27767159184674,0.0522847013230856,ML_EXIT
ETH-USD,2025-08-07,2025-08-14,3916.283090698242,4545.892420654297,0.8887237639283238,559.548773522935,0.1607670628947817,ML_EXIT
ETH-USD,2025-08-21,2025-08-22,4225.321565917969,4828.932958496094,1.1505035725182775,694.457063573866,0.1428557290046133,ML_EXIT
ETH-USD,2025-08-23,2025-08-24,4778.478377197265,4777.257637207032,0.80589273959224,-0.9837854950591572,-0.00025546625805794587,ML_EXIT
ETH-USD,2025-08-27,2025-08-30,4505.644762939452,4371.966243652344,1.138819496564962,-152.2357040360944,-0.029669120918422665,ML_EXIT
ETH-USD,2025-09-01,2025-09-05,4316.627449951172,4304.8352751464845,1.1736571582773532,-13.83997037117924,-0.0027318027653326915,ML_EXIT
ETH-USD,2025-09-06,2025-09-07,4276.37930859375,4303.1949824218755,1.182464055120889,31.708570415604854,0.006270649045148513,ML_EXIT
ETH-USD,2025-09-13,2025-09-17,4670.51377734375,4590.437031738282,1.0845229935624079,-86.84507185877777,-0.01714516848101666,ML_EXIT
ETH-USD,2025-09-19,2025-09-20,4473.152450683593,4480.0244921875,1.1237177479905263,7.722235002867786,0.0015362860040366577,ML_EXIT
ETH-USD,2025-09-21,2025-09-25,4453.554766113281,3866.3998173828127,1.1284523360592162,-662.5763735236268,-0.131839615670179,STOP
ETH-USD,2025-09-25,2025-10-01,3870.2681513671873,4348.936748535157,1.2291409408912877,588.3511698981507,0.12367840636542926,ML_EXIT
ETH-USD,2025-10-04,2025-10-06,4491.441864257812,4685.427598632813,0.8329459829945085,161.57963820589674,0.04319008020981174,ML_EXIT
ETH-USD,2025-10-07,2025-10-08,4453.377431396484,4525.384125244141,0.8504246393765393,61.23626664809024,0.016169007670449487,ML_EXIT
ETH-USD,2025-10-10,2025-10-18,3844.930293457031,3888.401018310547,0.9891791375831618,43.00033412071588,0.011305985163759802,ML_EXIT
ETH-USD,2025-10-19,2025-10-26,3986.6419830322266,4155.910263183594,1.2755658545098278,215.91283841268793,0.042458861586217145,ML_EXIT
ETH-USD,2025-10-27,2025-11-03,4122.182131347656,3600.506951416016,1.2535474098668644,-653.9445705951375,-0.12655316124061933,STOP
ETH-USD,2025-11-03,2025-11-09,3604.109259521484,3580.8300272216798,1.3601596491542178,-31.6634724374814,-0.006459080628120284,ML_EXIT
ETH-USD,2025-11-12,2025-11-15,3414.8007854003904,3165.048031982422,1.0730356875384546,-267.99361747847195,-0.07313830853201142,ML_EXIT
ETH-USD,2025-11-16,2025-11-18,3094.3938358154296,3121.417514404297,1.5433365441020759,41.70663072226783,0.008733108977948323,ML_EXIT
ETH-USD,2025-11-19,2025-11-22,3024.5823361816406,2766.223618164063,1.5832009902484168,-409.0337782047406,-0.08541963461432522,ML_EXIT
ETH-USD,2025-11-29,2025-11-30,2993.181145385742,2990.616492553711,1.1579836406638035,-2.9698260234742726,-0.0008568318145344422,ML_EXIT
ETH-USD,2025-12-12,2025-12-22,3085.7146937255857,3004.570693603516,1.1222965775403386,-91.06763362493184,-0.026296663229126827,ML_EXIT
ETH-USD,2025-12-24,2026-01-02,2947.0633714599608,3122.8603961181643,1.5535214175855319,273.1044429543311,0.059651592958828825,ML_EXIT
ETH-USD,2026-01-05,2026-01-07,3227.7434362792965,3165.260572143555,1.088304119972951,-68.00035846663783,-0.01935806403738438,ML_EXIT
ETH-USD,2026-01-18,2026-01-20,3282.7982937011716,2934.1379100341796,1.4176119411427552,-494.26512328974223,-0.10620828709944796,STOP
ETH-USD,2026-01-25,2026-01-27,2817.3102949218746,3020.69983203125,1.5804798317248965,321.4530613852302,0.07219280654884885,ML_EXIT
ETH-USD,2026-01-28,2026-01-30,3008.1107255859374,2701.024056518555,1.1412809388930565,-350.47216199476355,-0.10208622523612931,STOP
ETH-USD,2026-01-30,2026-02-01,2703.726431762695,2266.830861328125,1.2301944064842276,-537.4664869663437,-0.16159015398230792,STOP
ETH-USD,2026-02-08,2026-02-10,2089.8073209228514,2018.487687805176,2.0181744707682303,-143.9354628226491,-0.03412737260685883,ML_EXIT
ETH-USD,2026-02-12,2026-02-13,1947.914144165039,2047.503080078125,1.6004674714902605,159.38885244922244,0.051125937049845804,ML_EXIT
ETH-USD,2026-02-18,2026-02-28,1954.9511081542967,1964.0680118408204,2.1575473496490694,19.67015138586516,0.004663494472314955,ML_EXIT
ETH-USD,2026-03-03,2026-03-04,1983.7603053588866,2125.4421184082034,2.128472512773357,301.5658446353644,0.07142083278235822,ML_EXIT
ETH-USD,2026-03-20,2026-03-28,2147.570318847656,1991.698232788086,1.5154526845295617,-236.21677126219814,-0.07258066694794318,ML_EXIT
ETH-USD,2026-04-05,2026-04-08,2110.050103271484,2189.2402814941406,2.010610130024184,159.22057453289352,0.037529998979586976,ML_EXIT
ETH-USD,2026-04-24,2026-05-01,2316.848030639648,2293.946203125,1.3928373848247169,-31.89852154320931,-0.009884907085738082,ML_EXIT
ETH-USD,2026-05-02,2026-05-10,2317.3900495605467,2367.859423339844,1.3875553225444899,70.02904821295122,0.021778540815288183,ML_EXIT
ETH-USD,2026-05-11,2026-05-16,2340.530520263672,2178.6620771484377,1.3819709883006024,-223.69749230664002,-0.06915886877518651,STOP
ETH-USD,2026-05-16,2026-05-19,2180.8418291015623,2108.908885253906,1.9354180151204177,-139.2203154033991,-0.03298402611678175,ML_EXIT
ETH-USD,2026-05-28,2026-06-02,2008.5565107421874,1856.7874504394533,1.5540596264781648,-235.85816916500892,-0.0755612597858416,STOP
ETH-USD,2026-06-08,2026-06-11,1690.9936338500975,1671.4444993286133,2.404052938408309,-46.99715428971321,-0.011560738095136469,ML_EXIT
ETH-USD,2026-06-12,2026-06-14,1665.960371520996,1723.7509746093751,2.426964312079169,140.25573126902842,0.03468906228280644,ML_EXIT
ETH-USD,2026-06-21,2026-06-29,1705.432856689453,1609.4007076416017,1.8012949899384163,-172.9822289529139,-0.056309545504046876,ML_EXIT
ETH-USD,2026-06-30,2026-07-01,1570.3686542358398,1608.1562130126954,1.9220674394170896,72.63023634005357,0.024062858536388454,ML_EXIT
ETH-USD,2026-07-05,2026-07-13,1783.897484436035,1772.613982055664,1.7031751499605823,-19.217780858768826,-0.006325196643201747,ML_EXIT
ETH-USD,2026-07-19,2026-07-20,1872.4442991943358,1902.8070316772462,2.1581159949312285,65.52629862118683,0.01621555978779954,ML_EXIT
ETH-USD,2026-07-23,2026-07-28,1878.0387698364257,1918.988512084961,2.1638951423087907,88.61094833040272,0.021804524435937056,ML_EXIT
ETH-USD,2026-07-29,2026-08-17,1909.4733024902343,1911.2460473632814,2.1450957256995418,3.802707449928964,0.0009283946891192052,ML_EXIT
ETH-USD,2026-08-18,2026-08-22,1917.4178245239257,2423.0390950927736,1.6014685918207896,809.7365841725313,0.26369905614828015,ML_EXIT
ETH-USD,2026-08-26,2026-09-14,2507.514116821289,2513.149778930664,1.320542240593074,7.442129869139634,0.0022475096238019354,ML_EXIT
NVDA,2025-06-02,2025-06-04,137.4486948852539,141.84903816986085,21.804499507994464,95.94728298421893,0.03201444210350979,ML_EXIT
NVDA,2025-06-20,2025-06-23,143.92193110656737,144.09791316986085,28.01453372356975,4.930055446878435,0.0012227605754064896,ML_EXIT
NVDA,2025-07-07,2025-07-08,158.31912549591064,159.92000000000002,25.45902112682539,40.756697821007535,0.010111693701407631,ML_EXIT
NVDA,2025-07-21,2025-08-26,171.4656948852539,181.67911927032472,23.583126326529435,240.86447749958143,0.05956540981509861,ML_EXIT
NVDA,2025-08-29,2025-09-04,174.26708267211913,171.57417366027832,23.737225270799083,-63.922187847830294,-0.015452769223821106,ML_EXIT
NVDA,2025-09-05,2025-09-08,167.10351427459716,168.22584255981445,24.58231722172495,27.58942993412609,0.006716365541977742,ML_EXIT
NVDA,2025-09-17,2025-09-19,170.37513828277588,176.58166316986086,24.155641248767537,149.92258857397226,0.03642858312334196,ML_EXIT
NVDA,2025-09-29,2025-09-30,181.94093110656738,186.48671183013917,17.19821543036597,78.17931618319263,0.024984926129179907,ML_EXIT
NVDA,2025-10-07,2025-10-09,185.13251328277588,192.47372232055665,22.69070002342528,166.57717208554203,0.03965380746799263,ML_EXIT
NVDA,2025-10-14,2025-10-28,180.1200137786865,200.92948377990723,17.754516665085212,369.462081928264,0.11553113707169338,ML_EXIT
NVDA,2025-11-04,2025-11-11,198.78934744262693,193.06342366027832,22.178539445011786,-126.99262646594987,-0.028803976953549748,ML_EXIT
NVDA,2025-11-12,2025-11-13,193.8969030532837,186.7665706100464,16.843886436372095,-120.10250992746879,-0.03677383357318431,ML_EXIT
NVDA,2025-11-14,2025-11-17,190.26508316802978,186.50670610046387,22.62149227092742,-85.02009778517292,-0.019753372531557734,ML_EXIT
NVDA,2025-11-19,2025-12-10,186.61326427459716,183.68810877990722,22.86385442856898,-66.88032941151928,-0.015674960223543533,ML_EXIT
NVDA,2025-12-11,2025-12-12,181.02045767211914,174.93249427032472,17.55293955548646,-106.86165360771103,-0.03363135570467668,ML_EXIT
NVDA,2025-12-17,2025-12-19,171.02547244262695,180.8995104904175,24.507392061318868,241.98692166558254,0.05773431236158655,ML_EXIT
NVDA,2025-12-23,2025-12-26,189.3046117172241,190.43473377990725,16.975173406730566,19.18401798481837,0.005969860176313402,ML_EXIT
NVDA,2025-12-31,2026-01-07,186.59324999999998,189.01544561004638,22.989721855503095,55.68560335458741,0.01298115344497397,ML_EXIT
NVDA,2026-01-16,2026-01-22,186.3231107254028,184.7475763397217,23.123951453634717,-36.4325806480225,-0.008455925727877567,ML_EXIT
NVDA,2026-02-04,2026-02-09,174.27709744262694,189.94497328948975,18.46429177207053,289.29623108505166,0.08990209314233488,ML_EXIT
NVDA,2026-02-13,2026-02-20,182.90140255737305,189.72509732055664,24.075549135825643,164.2841985589028,0.03730805050028585,ML_EXIT
NVDA,2026-03-03,2026-03-04,180.1400280532837,182.94847328948975,18.591841040277796,52.21416740186866,0.015590345280591222,ML_EXIT
NVDA,2026-03-09,2026-03-10,182.7413188934326,184.67761927032473,24.535660558764846,47.5084087872335,0.010595854230543766,ML_EXIT
NVDA,2026-03-11,2026-03-20,186.12301377868653,172.61364694976808,18.1293776029214,-244.91641241784336,-0.07258300064376799,STOP
NVDA,2026-03-20,2026-03-30,172.7863469467163,165.08741316986084,25.456816806649947,-195.9903467639389,-0.044557535435537865,TRAILING_STOP
NVDA,2026-03-30,2026-04-07,165.2525831680298,178.0109561004639,26.122640629650874,333.28239113304096,0.07720528591956288,ML_EXIT
NVDA,2026-04-08,2026-04-14,182.1710418319702,196.41173950958253,24.407987801010837,347.5867751930451,0.07817212623040048,ML_EXIT
NVDA,2026-05-01,2026-05-06,198.5492219467163,207.72608683013917,17.306652994735206,158.8208161169707,0.046219596296809495,ML_EXIT
NVDA,2026-05-18,2026-05-20,222.43116732788084,223.3582662200928,15.65298975768362,14.511869464153396,0.004168026016090343,ML_EXIT
NVDA,2026-05-21,2026-05-22,219.61974950408936,215.22233683013917,15.863644625560593,-69.7589919314819,-0.02002284714320879,ML_EXIT
NVDA,2026-05-26,2026-05-28,214.96743061065672,214.142875,16.1000875776366,-13.275417544204762,-0.0038357234317515365,ML_EXIT
NVDA,2026-06-05,2026-06-08,205.20255610656739,208.53567938995363,16.836750488645563,56.11896507026923,0.016243088520082827,ML_EXIT
NVDA,2026-06-10,2026-06-11,200.52020816802977,204.7675601196289,23.071153266241758,97.99130785101487,0.021181665381276638,ML_EXIT
NVDA,2026-06-22,2026-06-26,208.7543188934326,192.43373377990724,22.330802611189014,-364.4517646692448,-0.07818082615026944,STOP
NVDA,2026-06-30,2026-07-08,200.19004133605955,204.01793511962893,22.54075533707387,86.28361723174338,0.019121299731106323,ML_EXIT
NVDA,2026-07-29,2026-07-30,190.10499950408934,194.94247328948975,17.92405933386253,86.7071671555217,0.02544632596733143,ML_EXIT
NVDA,2026-08-03,2026-08-11,206.74331938934324,217.39125,16.597247267918792,176.726337236712,0.05150314236081499,ML_EXIT
AMD,2025-07-21,2025-07-30,157.0785,179.42023950958253,25.439509544590763,568.3628954967855,0.14223295683102744,ML_EXIT
AMD,2025-08-07,2025-08-12,172.4861938934326,174.86252194976808,24.463960844509884,58.134396523901145,0.013776917460441185,ML_EXIT
AMD,2025-08-13,2025-08-14,184.5122081680298,180.85952194976807,22.97695497522884,-83.92760677563845,-0.019796447370763248,ML_EXIT
AMD,2025-08-20,2025-08-25,165.2825969467163,163.2783206100464,25.426965184167273,-50.96266463195596,-0.012126360389388413,ML_EXIT
AMD,2025-09-02,2025-09-11,162.40116732788084,155.59216316986084,19.299107407675525,-131.40770258493728,-0.041927064134169245,ML_EXIT
AMD,2025-10-14,2025-10-17,218.19904133605957,232.96346183013918,14.175014099943743,209.28586868107692,0.06766491916589201,ML_EXIT
AMD,2025-10-22,2025-10-28,230.34511072540283,257.8810047607422,18.255390054628148,502.67848611802884,0.11954190800327091,ML_EXIT
AMD,2025-10-29,2025-11-06,264.4621515655517,237.58114694976808,12.48481187273525,-335.60428557818665,-0.10164405173539814,STOP
AMD,2025-11-06,2025-11-12,237.8188469467163,258.7605696411133,17.936902598754553,375.629640219527,0.08805745618255822,ML_EXIT
AMD,2025-11-13,2025-11-20,248.08398671722412,205.91699427032472,17.785404750797053,-749.957027791908,-0.16997063375542654,STOP
AMD,2025-11-20,2025-11-26,206.12301427459715,214.1328854904175,19.936458481158418,159.6884649336281,0.03885966467164881,ML_EXIT
AMD,2025-12-12,2025-12-24,210.88538877868652,214.93247328948976,14.829707238377933,60.0170784641861,0.019190919457442668,ML_EXIT
AMD,2025-12-29,2026-01-02,215.71780561065674,223.3582662200928,19.429471547502466,148.45011202085104,0.035418775876230324,ML_EXIT
AMD,2026-01-06,2026-01-13,214.45718110656736,220.8595162200928,19.80438677187618,126.7943208314213,0.029853675593842555,ML_EXIT
AMD,2026-01-21,2026-01-23,249.92490305328369,259.5501526794434,12.887110876944593,124.04165915058955,0.03851256720946927,ML_EXIT
AMD,2026-01-30,2026-02-02,236.8483607254028,246.14686927032471,13.747262243353608,127.82903543910575,0.03925933249629887,ML_EXIT
AMD,2026-02-09,2026-02-25,216.10799999999998,210.7545706100464,20.312904937954375,-108.74370229017835,-0.02477200931919965,ML_EXIT
AMD,2026-03-03,2026-03-06,191.0454719467163,192.33377767944336,22.732078481269696,29.28586702422104,0.006743450758604608,ML_EXIT
AMD,2026-04-06,2026-04-16,220.29008267211913,278.1208797607422,19.751588394042162,1142.2501005938545,0.2625211102884677,ML_EXIT
AMD,2026-05-07,2026-06-10,408.66422145080566,452.1737938995362,11.754360578551417,511.4272031809849,0.10646778006223911,TRAILING_STOP
AMD,2026-06-10,2026-06-16,452.62619389343257,507.03636354064946,8.291457186226737,451.13959212523235,0.12020994450009082,ML_EXIT
AMD,2026-06-18,2026-06-23,537.6386801147461,519.5900505981446,7.227440190652581,-130.44539035448432,-0.033570184185314655,ML_EXIT
AMD,2026-06-30,2026-07-01,581.2004281311035,540.6095648803711,8.819368888972166,-357.98579653003355,-0.06983969950135038,ML_EXIT
AMD,2026-07-06,2026-07-07,552.3260127868652,515.8519303588868,6.760700445795407,-246.59034533081257,-0.06603723450203192,ML_EXIT
AMD,2026-07-08,2026-07-28,517.6686781311034,454.39268511962894,9.421836284707386,-596.1760469064013,-0.12223260877964381,TRAILING_STOP
AMD,2026-07-29,2026-08-06,429.774777557373,489.03535877990726,10.78587227559119,639.1770600435522,0.13788752694921302,ML_EXIT
AMD,2026-08-14,2026-08-18,514.6472096557617,484.1478196411133,7.121794739000017,-217.21039534903252,-0.05926271325759036,ML_EXIT
AMD,2026-08-24,2026-08-28,456.97837499999997,465.3471965789795,10.497888162654702,87.85495298933834,0.01831338644630498,ML_EXIT
AMD,2026-09-01,2026-09-04,459.8397903442383,477.33122232055666,10.500491214313321,183.66862779309025,0.03803810010269926,ML_EXIT
AMD,2026-09-11,2026-09-14,516.3880698852539,493.1632986602784,7.113840806411624,-165.21732525980548,-0.0449754217407391,ML_EXIT
AMD,2026-09-15,2026-09-16,504.45211221313474,512.24375,9.572982435386674,74.58921167655602,0.015445743209760332,END_OF_TEST
MSTR,2025-07-21,2025-08-01,426.4931387786865,366.44668988037114,7.027076704169881,-421.9510022214791,-0.14079112519902537,STOP
MSTR,2025-08-01,2025-08-18,366.81331988525386,363.41820610046386,10.428085302707565,-35.40453616018844,-0.009255699290996455,ML_EXIT
MSTR,2025-08-19,2025-08-20,336.73829232788086,344.1978101196289,11.308391630199,84.35514856152425,0.022152270655589,ML_EXIT
MSTR,2025-08-21,2025-08-22,337.74877656555174,357.9509398803711,8.52393519306152,172.2019308551651,0.05981417170551451,ML_EXIT
MSTR,2025-08-25,2025-08-26,343.37161221313477,351.1843053588867,11.372632964956473,88.85089161446813,0.022752880167922873,ML_EXIT
MSTR,2025-08-27,2025-09-16,342.231027557373,334.9224513397217,11.505053140340463,-84.0855577643068,-0.021355679728443322,ML_EXIT
MSTR,2025-09-25,2025-09-26,300.85036221313476,308.9054675598145,12.965484925331666,104.43834694433465,0.026774457864781276,ML_EXIT
MSTR,2025-10-10,2025-10-13,304.9424035491943,315.3122662200928,9.688494393567881,100.46835634906896,0.03400597145626416,ML_EXIT
MSTR,2025-10-16,2025-10-17,283.98191633605956,289.72506011962895,10.50327882962349,60.321840517448166,0.02022362500284358,ML_EXIT
MSTR,2025-10-22,2025-10-30,280.950402557373,254.44272232055664,14.232703707461704,-377.2759587827459,-0.09435003472331116,TRAILING_STOP
MSTR,2025-10-30,2025-11-11,254.69729232788086,231.2343311004639,15.095872200673965,-354.1938641384549,-0.09212096843657158,TRAILING_STOP
MSTR,2025-11-12,2025-11-19,224.72230561065672,186.40675000000002,16.466585585590078,-630.9263757223147,-0.17050179111743557,STOP
MSTR,2025-11-19,2025-12-16,186.59324999999998,167.41625000000002,18.465749268374278,-354.11767371961287,-0.10277435009037017,ML_EXIT
MSTR,2025-12-17,2025-12-19,160.46019488525388,164.73759732055666,20.5749791462859,88.00746590662713,0.02665709360730606,ML_EXIT
MSTR,2025-12-22,2025-12-31,164.40216732788085,151.87402194976806,20.27928209104446,-254.06179420036398,-0.07620425923660035,ML_EXIT
MSTR,2026-01-06,2026-01-07,158.04898622131347,161.74908683013916,15.326911938255128,56.71111619415558,0.02341109992091006,ML_EXIT
MSTR,2026-01-09,2026-01-12,157.4086668319702,162.1488807296753,20.650531748534405,97.88793758940326,0.03011405911191134,ML_EXIT
MSTR,2026-01-15,2026-01-29,170.9954586639404,143.11840744018556,14.417270684512292,-401.9109933788883,-0.16302802098704838,STOP
MSTR,2026-01-29,2026-01-30,143.26159744262694,149.63515171051026,21.81070293897149,139.01169880221704,0.044488923631022415,ML_EXIT
MSTR,2026-02-02,2026-02-05,139.6998198852539,106.93650286483765,22.746136778838796,-745.2388902748453,-0.23452655162567326,STOP
MSTR,2026-02-05,2026-02-06,107.04349286270141,134.86252767944336,26.882444108680097,747.8436486184911,0.25988534260951135,ML_EXIT
MSTR,2026-02-09,2026-02-12,138.50922244262694,122.9385,17.18565677562613,-267.59309164752534,-0.11241650316156104,ML_EXIT
MSTR,2026-02-17,2026-02-19,128.7343331680298,129.38527194976808,17.857139891169535,11.62390488608812,0.005056450487754827,ML_EXIT
MSTR,2026-02-23,2026-03-02,123.77185408401489,137.58116889953615,24.786772483040167,342.2883444790013,0.11157071951227016,ML_EXIT
MSTR,2026-03-18,2026-03-19,140.63027755737303,138.17088549041748,22.76958696210953,-55.999341542466894,-0.017488353928279743,ML_EXIT
MSTR,2026-03-26,2026-03-27,132.99645767211913,125.96698377990724,17.91689438530412,-125.94634131101321,-0.05285459489110533,ML_EXIT
MSTR,2026-04-02,2026-04-06,119.88991683197021,127.62615744018555,26.06553478462475,201.64924867566347,0.0645278670020093,ML_EXIT
MSTR,2026-04-07,2026-04-08,123.78186122131346,128.23585305023195,25.876121758047322,115.25203487444271,0.035982588926781967,ML_EXIT
MSTR,2026-05-11,2026-05-18,196.03797244262694,166.5466898803711,12.420203657333962,-366.2877355391992,-0.15043658223351009,STOP
MSTR,2026-05-18,2026-05-19,166.7133198852539,164.5476898803711,18.584435584990562,-40.24701132666693,-0.012990143837177226,ML_EXIT
MSTR,2026-05-26,2026-05-29,160.00995767211913,159.0104513397217,14.435331075472675,-14.428204820188352,-0.006246525822133808,ML_EXIT
MSTR,2026-06-01,2026-06-03,149.85488877868653,126.48672805023195,20.500647786281462,-479.06243250726186,-0.15593859445563962,STOP
MSTR,2026-06-03,2026-06-04,126.61327805328368,129.3053101196289,17.05048606172731,45.90045522494214,0.021261846369796222,ML_EXIT
MSTR,2026-06-05,2026-06-08,120.50022244262695,127.13639694976807,24.025027844920004,159.4342773178137,0.055071885948598576,ML_EXIT
MSTR,2026-06-09,2026-06-11,117.07850664138793,120.08992652511597,25.251027303297857,76.04144570571076,0.02572137252272988,ML_EXIT
MSTR,2026-06-12,2026-06-15,124.03198622131347,131.07442938995362,24.061087262885916,169.44883962456538,0.05677925012080465,ML_EXIT
MSTR,2026-06-16,2026-06-24,122.87140255737305,94.08293225479126,24.819462813378973,-714.5143681289935,-0.23429756398474755,STOP
MSTR,2026-06-24,2026-06-29,94.17706225204468,92.6336603050232,29.326985330265337,-45.26332625900188,-0.016388299975750975,ML_EXIT
MSTR,2026-06-30,2026-07-06,86.97346530532836,100.71961164474487,31.522852824751702,433.31774796492607,0.15804988672302978,ML_EXIT
MSTR,2026-07-07,2026-07-10,97.40868061065673,94.59267938995362,22.42438857963111,-63.147105613762186,-0.028909140366644492,ML_EXIT
MSTR,2026-07-13,2026-07-17,92.14604847335815,94.80257347488404,23.48569402343239,62.39033335143538,0.02882950539429774,ML_EXIT
MSTR,2026-07-28,2026-08-17,96.20808366394043,97.6311603050232,30.233021069213173,43.02390607296058,0.01479165353769707,ML_EXIT
MSTR,2026-08-19,2026-08-26,104.30212499999999,123.12840744018555,21.021938064079315,395.76494343444494,0.18049759235668072,ML_EXIT
MSTR,2026-08-31,2026-09-11,133.00647244262694,130.90451622009277,23.154863470721057,-48.670509354211276,-0.0158034130515029,ML_EXIT
MSTR,2026-09-15,2026-09-16,129.66480610656737,126.1169103050232,23.582766593938146,-83.6691985874293,-0.027362056891738762,END_OF_TEST
COIN,2025-05-23,2025-05-27,263.2915836639404,266.26679389953614,15.177089766380101,45.15503281948942,0.011300058263135515,ML_EXIT
COIN,2025-05-28,2025-06-02,254.41713828277585,246.59664122009278,15.76478193503479,-123.28843081677877,-0.03073887677327325,ML_EXIT
COIN,2025-06-05,2025-06-06,244.3220969467163,251.14436927032472,16.201591685328548,110.53167055322119,0.027923271815632367,ML_EXIT
COIN,2025-06-10,2025-06-13,255.06747244262695,242.58865171051028,11.759729575995577,-146.74755723701924,-0.04892360681122743,ML_EXIT
COIN,2025-06-17,2025-06-18,253.97693110656738,295.14236354064946,15.506864654649481,638.3467892054288,0.16208335243175798,ML_EXIT
COIN,2025-07-21,2025-07-29,413.8368198852539,371.2542824401856,7.593690655887498,-323.3586167005945,-0.10289692796517069,STOP
COIN,2025-08-01,2025-08-12,314.8473474426269,322.4586851196289,9.667702661592458,73.58414951823103,0.024174692081180504,ML_EXIT
COIN,2025-08-19,2025-08-27,302.22104232788087,308.8155162200928,13.517948031406085,89.14375536938479,0.02182003556541745,ML_EXIT
COIN,2025-09-02,2025-09-10,303.711777557373,315.18232633972167,13.558011834746049,155.517836142115,0.037767876091607366,ML_EXIT
COIN,2025-09-11,2025-09-18,324.11198721313474,342.9584398803711,9.664525580123321,182.1420238970891,0.058147965551311076,ML_EXIT
COIN,2025-09-23,2025-09-29,320.2300423278808,333.8229952392578,13.261481033038248,180.26268721720788,0.04244746311921377,ML_EXIT
COIN,2025-10-01,2025-10-15,346.3430984344482,336.1318377990723,9.344685749201478,-95.42102174077954,-0.029483078142839347,TRAILING_STOP
COIN,2025-10-20,2025-10-28,343.9518887786865,355.0423912200928,9.320947286009783,103.37398863171067,0.0322443423142309,ML_EXIT
COIN,2025-11-03,2025-11-12,330.5852234344482,303.848,13.047508016894461,-348.8541371104613,-0.0808784589845708,ML_EXIT
COIN,2025-11-13,2025-11-20,283.2815846557617,238.04092366027834,14.722459709700548,-666.0538087462252,-0.15970208953207798,STOP
COIN,2025-11-20,2025-11-26,238.2790836639404,264.83751622009277,16.373144871126517,434.84506379192544,0.1114593532414676,ML_EXIT
COIN,2025-12-01,2025-12-02,259.96991633605955,263.1283797607422,15.662768967910205,49.470282914398375,0.012149342005402408,ML_EXIT
COIN,2025-12-05,2025-12-15,269.8648759918213,250.29478816986085,11.362190326629547,-222.35906254196962,-0.07251809910435902,ML_EXIT
COIN,2025-12-16,2025-12-31,252.73630561065673,226.02692938995364,11.861544278104278,-316.8144486824152,-0.10568080496455945,STOP
COIN,2025-12-31,2026-01-06,226.25306938934324,250.43471755981446,17.097024673364288,413.4342354131609,0.10687876295219967,ML_EXIT
COIN,2026-01-15,2026-01-26,239.39963877868652,213.3732557296753,12.625972577712199,-328.6083986738494,-0.10871521436618115,STOP
COIN,2026-01-26,2026-01-27,213.58673572540283,210.72458683013917,13.682755748358176,-39.16208424932582,-0.013400405626983192,ML_EXIT
COIN,2026-01-29,2026-02-04,199.27958267211912,168.5356851196289,19.46329112693965,-598.3774284409244,-0.1542752004006055,STOP
COIN,2026-02-04,2026-02-05,168.7043051147461,146.04693511962893,21.5564307275528,-488.4120267682765,-0.13430226323926053,STOP
COIN,2026-02-05,2026-02-26,146.19305511474607,180.96946755981446,23.522187918078057,818.0173086494871,0.23788005810380386,ML_EXIT
COIN,2026-02-27,2026-03-03,175.93793110656736,182.2688206100464,21.385858518298633,135.39150721638438,0.03598365323305042,ML_EXIT
COIN,2026-03-06,2026-03-10,197.31861122131346,196.42174427032472,14.49542744961317,-13.000469820013018,-0.004545272974695758,ML_EXIT
COIN,2026-03-18,2026-03-19,202.39113828277587,202.80854866027832,18.8058958217928,7.849776074246263,0.0020623945348796635,ML_EXIT
COIN,2026-03-20,2026-03-26,197.59875,173.2933148803711,19.262454345879807,-468.1823343485953,-0.12300399228046177,STOP
COIN,2026-03-26,2026-04-06,173.4666948852539,174.70259828948974,20.84719986680658,25.765125284171237,0.007124730225899434,ML_EXIT
COIN,2026-04-09,2026-04-15,169.10451427459716,195.80204389953613,21.428692977253185,572.0931655839385,0.15787591324491013,ML_EXIT
COIN,2026-04-16,2026-04-17,199.92991683197022,206.22683683013918,19.25260159905322,121.23209202585792,0.03149563656079124,ML_EXIT
COIN,2026-04-21,2026-04-22,196.0479719467163,206.13688549041748,14.898735371864834,150.31205307722698,0.05146145325310103,ML_EXIT
COIN,2026-04-23,2026-04-24,198.02895767211913,199.6701192703247,19.95747638124132,32.75344383398794,0.008287482888855502,ML_EXIT
COIN,2026-04-29,2026-04-30,181.8208607254028,187.6761192703247,21.791082012716316,127.59241915805102,0.03220344751180604,ML_EXIT
COIN,2026-05-05,2026-05-06,197.848875,197.86102671051026,20.267187057060337,0.2462809899748247,6.141915393897968e-05,ML_EXIT
COIN,2026-05-07,2026-05-08,193.05648671722412,201.05942366027833,20.754196215129436,166.0945236134552,0.041453861919575674,ML_EXIT
COIN,2026-05-12,2026-05-14,207.74381938934326,211.90398950958254,19.59063540416456,81.50037604490728,0.020025482021404972,ML_EXIT
COIN,2026-05-15,2026-05-20,195.52770767211913,191.19434828948977,15.723273503688779,-68.1345947628575,-0.022162380126176218,ML_EXIT
COIN,2026-05-22,2026-05-28,185.08250049591064,182.15887500000002,21.987257357581214,-64.28250619577265,-0.01579633670431857,ML_EXIT
COIN,2026-05-29,2026-06-03,189.12451377868652,163.13839122009279,21.36444900979956,-555.1791903654779,-0.13740219096612027,STOP
COIN,2026-06-03,2026-06-04,163.30161122131346,164.0479398803711,23.365859228924805,17.438610386053004,0.004570246756758545,ML_EXIT
COIN,2026-06-05,2026-06-12,152.47619389343262,159.70010877990723,18.787816196098415,135.72158510334398,0.047377329549053826,ML_EXIT
COIN,2026-06-17,2026-06-18,165.0024581680298,163.17836450958254,23.463180393553724,-42.799038562885286,-0.011054948385009422,ML_EXIT
COIN,2026-06-24,2026-07-31,150.18505561065672,146.18686450958253,19.23277949515053,-76.8963278264329,-0.0266217639619164,TRAILING_STOP
COIN,2026-07-31,2026-08-25,146.33312450408934,187.06642366027833,26.093167581566235,1062.86080103251,0.2783600725688782,ML_EXIT
COIN,2026-08-28,2026-08-31,178.72931938934326,188.0259351196289,23.720428765389464,220.51971118943996,0.052015056970221796,ML_EXIT
COIN,2026-09-01,2026-09-03,176.90841732788084,192.6036469497681,24.44302977797327,383.6389650199182,0.08871951860152483,ML_EXIT
COIN,2026-09-04,2026-09-10,184.73231938934325,172.19385877990723,24.21811702089227,-303.6579063011696,-0.0678736706759463,ML_EXIT
COIN,2026-09-15,2026-09-16,172.19605561065674,164.42773950958252,25.256509214656955,-196.200547189149,-0.04511320583694867,END_OF_TEST
TSM,2025-05-22,2025-05-23,196.28809744262693,191.8840057296753,15.268373574592282,-67.24331753011168,-0.022436876052756682,ML_EXIT
TSM,2025-05-27,2025-05-28,197.77883267211914,196.04192938995362,15.0424086817754,-26.127209011050716,-0.008782048405781562,ML_EXIT
TSM,2025-06-04,2025-06-05,202.5011938934326,203.23832633972168,14.644177295597691,10.794698233794946,0.003640138767166956,ML_EXIT
TSM,2025-06-20,2025-06-23,209.61474950408933,210.21484732055666,14.154142017495799,8.493869718667655,0.0028628606426173153,ML_EXIT
TSM,2025-07-07,2025-07-08,229.28458316802977,227.7460706100464,12.943219729364818,-19.913306094366032,-0.006710056719582802,ML_EXIT
TSM,2025-07-22,2025-07-29,234.71730610656738,241.20933683013916,16.814206682013324,109.15834637211654,0.027658935045139943,ML_EXIT
TSM,2025-08-01,2025-08-06,235.3276117172241,231.2543101196289,16.942362324417473,-69.01135152308625,-0.017309067847464443,ML_EXIT
TSM,2025-08-07,2025-08-18,242.74130511474607,241.28929866027832,16.298290445140612,-23.66522292313422,-0.005981703253104653,ML_EXIT
TSM,2025-08-20,2025-08-22,228.71430610656736,232.8735104904175,12.932043131695469,53.78701048548668,0.018185151837035507,ML_EXIT
TSM,2025-09-16,2025-09-18,262.19102755737305,268.5056946411133,15.114035429460158,95.44010202889572,0.024084222647010378,ML_EXIT
TSM,2025-09-30,2025-10-09,279.4296535491943,299.7300648803711,10.729969590126641,217.8227962505894,0.07264945245907084,ML_EXIT
TSM,2025-10-10,2025-10-24,280.8003336639404,294.8125114593506,14.537921149535181,203.70793592294115,0.04990085877953354,ML_EXIT
TSM,2025-10-29,2025-10-31,305.24254133605956,300.2797776794434,10.222139772712099,-50.730063756866336,-0.016258427265393394,ML_EXIT
TSM,2025-11-03,2025-11-06,305.01241534423826,289.0953702392578,13.565227584681677,-215.9183393247032,-0.05218490888974603,STOP
TSM,2025-11-06,2025-11-14,289.3846102294922,284.67759732055663,13.988510807201976,-65.8441009462842,-0.016265595137221478,ML_EXIT
TSM,2025-11-17,2025-12-12,282.1510147705078,291.89398854064945,14.242507441953107,138.7643764279963,0.03453106053177324,ML_EXIT
TSM,2025-12-15,2026-01-06,287.8838602294922,327.26627767944336,10.605108678272385,417.6548170698229,0.13679967129298842,ML_EXIT
TSM,2026-02-19,2026-02-25,360.5702096557617,387.536145980835,8.808977028776432,237.5423136470187,0.07478692249927632,ML_EXIT
TSM,2026-02-27,2026-03-06,374.76727656555175,338.7205696411133,8.659961360259212,-312.1630891302253,-0.09618424333836795,STOP
TSM,2026-03-06,2026-03-11,339.0594596557617,354.38271755981447,9.290589049989839,142.36209209356275,0.04519342394873771,ML_EXIT
TSM,2026-03-18,2026-03-19,339.7397923278808,338.62061354064946,12.52251021150932,-14.014927791609354,-0.0032942234395412218,ML_EXIT
TSM,2026-03-20,2026-03-27,329.40461022949216,326.5766202392578,12.888096607654967,-36.44740819962163,-0.008585156073754208,ML_EXIT
TSM,2026-03-31,2026-04-01,338.11898721313474,341.31924523925784,9.3771441984754,30.00928098328451,0.009464887057957005,ML_EXIT
TSM,2026-04-08,2026-04-15,366.08294389343257,374.9124561004639,11.57360260182558,102.18926545214835,0.02411888440670329,ML_EXIT
TSM,2026-04-21,2026-04-23,368.2640265655517,382.46867366027834,8.704973283812375,123.65107346557834,0.038571910558845124,ML_EXIT
TSM,2026-05-12,2026-05-20,397.4786387786865,401.41918511962893,10.871283433669518,42.83879615589451,0.009913856888134509,ML_EXIT
TSM,2026-05-21,2026-06-02,407.3535688934326,446.4666574401856,10.641244812011424,416.21195057987853,0.0960175423355265,ML_EXIT
TSM,2026-06-03,2026-06-04,436.9083474426269,444.69755342102053,7.720329085804555,60.13523347031503,0.017828009064112527,ML_EXIT
TSM,2026-06-05,2026-06-08,415.3775984344482,426.5865877990723,8.158980909168708,91.45393023704291,0.026985059875329398,ML_EXIT
TSM,2026-06-09,2026-07-13,428.1339734344482,421.36919657897954,10.633452840200341,-71.93293566710469,-0.01580060746219758,TRAILING_STOP
TSM,2026-07-13,2026-07-20,421.7907765655517,402.09883779907227,10.716655738661315,-211.03172858715908,-0.04668650871605551,ML_EXIT
TSM,2026-07-23,2026-07-29,415.7877765655517,374.4826784210205,10.660073490327397,-440.31538174588843,-0.09934178076545541,STOP
TSM,2026-07-29,2026-08-05,374.8573484344482,413.793,11.345676178256577,441.7512944521792,0.10386791596366551,ML_EXIT
TSM,2026-08-07,2026-08-10,420.2500285491943,418.2607662200928,10.531722484911635,-20.95035879978603,-0.00473352098504054,ML_EXIT
TSM,2026-08-13,2026-09-01,430.7052352294922,413.793,7.6863256944753475,-129.99294819545693,-0.03926637952399359,ML_EXIT
TSM,2026-09-03,2026-09-16,417.2185147705078,417.5111412200928,10.448994444818453,3.05765214612047,0.0007013745536819105,END_OF_TEST
PLTR,2025-06-20,2025-07-09,137.36865305328368,143.0584398803711,29.089606043163272,165.5136572695533,0.041419834151539936,ML_EXIT
PLTR,2025-07-10,2025-07-14,142.57125,149.07541889953615,28.46911924099332,185.16795996445506,0.04562048028291921,ML_EXIT
PLTR,2025-07-18,2025-07-23,153.59676427459715,154.5526898803711,26.885667683126652,25.70069816663012,0.006223605101895124,ML_EXIT
PLTR,2025-07-24,2025-07-25,154.93743061065672,158.72060305023194,26.69793402889745,101.00288821172236,0.02441742079150644,ML_EXIT
PLTR,2025-07-28,2025-08-04,157.95894488525389,160.57967366027833,19.816171907612368,51.932811929110805,0.016591202080567413,ML_EXIT
PLTR,2025-08-13,2025-08-19,184.46218011474608,157.67112500000002,22.724175096747476,-608.8046274541015,-0.14523874269555137,STOP
PLTR,2025-08-19,2025-09-10,157.82887499999998,166.6566354904175,24.997733176837002,220.67400128848087,0.05593248060861811,ML_EXIT
PLTR,2025-09-12,2025-09-15,171.51570767211913,171.12440171051026,17.623615626800248,-6.896225859870333,-0.0022814584560203466,ML_EXIT
PLTR,2025-09-17,2025-09-18,168.4141668319702,176.88151622009278,17.925151436738673,151.7785200498739,0.050276942536375824,ML_EXIT
PLTR,2025-10-03,2025-10-07,173.15654232788086,182.07891316986084,23.581602587719797,210.40380333583084,0.05152777204966941,ML_EXIT
PLTR,2025-10-14,2025-10-31,179.82987549591064,200.36976622009277,23.155424113596954,475.6098809653733,0.11421845601316227,ML_EXIT
PLTR,2025-11-04,2025-11-18,190.83537549591063,167.24633683013917,22.79750866321007,-537.771313339722,-0.12360936018530244,STOP
PLTR,2025-11-18,2025-11-24,167.4136668319702,162.168875,24.68385027487874,-129.46165630325913,-0.031328337352734104,ML_EXIT
PLTR,2025-12-19,2025-12-24,193.4766948852539,194.07291316986084,15.805889949728037,9.423760592513052,0.0030816025928113167,ML_EXIT
PLTR,2026-01-15,2026-01-28,177.15854232788084,157.27133110046387,17.26735193436743,-343.39947525691207,-0.1122565751902056,STOP
PLTR,2026-01-28,2026-02-04,157.42868110656738,139.47022328948975,25.022212845886767,-449.3603538827955,-0.11407360901995423,STOP
PLTR,2026-02-04,2026-03-02,139.60976328277587,145.09741316986086,26.90842853579505,147.66403481609007,0.03930706390476346,ML_EXIT
PLTR,2026-03-04,2026-03-13,153.26659744262693,150.87452194976808,24.875759642190882,-59.504695006332064,-0.015607285166973739,ML_EXIT
PLTR,2026-03-24,2026-03-30,154.85738877868653,137.48122805023195,24.44713938150655,-424.79742324398944,-0.11220750178919525,STOP
PLTR,2026-03-30,2026-04-07,137.61877805328368,149.99497232055666,26.25523766273841,324.9399218474727,0.08993099955066541,ML_EXIT
PLTR,2026-04-08,2026-04-16,140.83037450408935,142.68861450958252,26.557060285451875,49.34939185072061,0.013194880806336462,ML_EXIT
PLTR,2026-04-21,2026-05-04,146.04298622131347,145.95698377990723,19.292695613029142,-1.6592189240278965,-0.0005888844348602706,ML_EXIT
PLTR,2026-05-05,2026-05-29,135.97795866394043,156.46172328948975,27.60620367345563,565.4789782520403,0.1506403304389461,ML_EXIT
PLTR,2026-06-04,2026-06-22,141.7708469467163,119.44025,28.04930051055104,-626.3576243384385,-0.15751191043606516,STOP
PLTR,2026-06-22,2026-06-25,119.55975,107.21636164474488,31.142179601599608,-384.400017051648,-0.10324033259734244,STOP
PLTR,2026-06-25,2026-08-04,107.32363164138793,162.57867366027833,33.235190804465596,1836.4118644065861,0.5148450641655515,ML_EXIT
PLTR,2026-08-31,2026-09-01,186.4731948852539,179.83003816986084,23.04441460649627,-153.08765764544734,-0.03562526356391815,ML_EXIT
PLTR,2026-09-10,2026-09-16,165.94293061065673,174.25282633972168,25.50646136334011,211.95603434678011,0.050076828813889085,END_OF_TEST
ARM,2025-05-21,2025-06-04,130.5152219467163,130.2948206100464,22.962838780778725,-5.061040361019248,-0.0016887021558289472,ML_EXIT
ARM,2025-06-05,2025-06-06,129.6147780532837,133.0434456100464,23.096806298329007,79.19127041991348,0.026452751825514875,ML_EXIT
ARM,2025-06-09,2025-06-20,138.67930561065674,144.96747328948976,28.99353040544729,182.31618079079607,0.04534323020398667,ML_EXIT
ARM,2025-07-07,2025-07-17,146.9534448852539,157.10140267944337,27.834450056689374,282.46282439975835,0.06905559649937665,ML_EXIT
ARM,2025-07-31,2025-08-04,141.4456875,139.97997805023195,22.269273513333747,-32.64028462796244,-0.010362348090450224,ML_EXIT
ARM,2025-08-05,2025-08-07,137.29861072540282,135.50222232055665,30.47596946029095,-54.74667816491264,-0.01308380613143234,ML_EXIT
ARM,2025-08-15,2025-08-21,138.97945866394042,133.21335877990722,29.92605985573715,-172.55665026373646,-0.041488864177949725,ML_EXIT
ARM,2025-09-19,2025-09-22,142.98145866394043,144.4077557296753,28.58340746164085,40.76843019124258,0.009975398761927545,ML_EXIT
ARM,2025-09-23,2025-10-02,141.06050049591065,152.06893177032472,29.06486343520876,319.9585516267263,0.07804049493453502,ML_EXIT
ARM,2025-10-10,2025-10-13,154.88740255737304,171.85403244018556,20.455279504699234,347.05715650571267,0.10954170321584278,ML_EXIT
ARM,2025-11-18,2025-11-21,136.10801328277586,131.50422232055664,32.03606743771961,-147.48735773481903,-0.03382454016615799,ML_EXIT
ARM,2025-11-25,2025-11-26,131.50572244262693,132.5436956100464,32.6830030819823,33.92408022978533,0.007892988595019634,ML_EXIT
ARM,2025-12-09,2025-12-12,142.00095767211914,130.82455438995362,22.753936803849317,-254.30717397672842,-0.07870653455712529,STOP
ARM,2025-12-12,2025-12-16,130.95544438934326,121.03944847488404,32.102557306810205,-318.3288270980229,-0.07572037925340469,STOP
ARM,2025-12-16,2025-12-26,121.16054847335815,110.21486164474489,33.6212256567137,-368.00740683252536,-0.0903403539067017,STOP
ARM,2025-12-26,2026-01-05,110.32513164138793,116.05194561004639,35.562162084430696,203.65788658081402,0.0519085169757465,ML_EXIT
ARM,2026-01-06,2026-01-07,115.58776377868652,115.6221603050232,25.964448408577667,0.8930868335029676,0.0002975793043504815,ML_EXIT
ARM,2026-01-14,2026-01-16,105.04249286270141,105.72710877990723,38.07525932088438,26.066928582816626,0.006517513994081181,ML_EXIT
ARM,2026-01-21,2026-01-28,113.97695816802978,109.90501908493043,35.153842775426035,-143.14430631838707,-0.03572598487052381,ML_EXIT
ARM,2026-01-29,2026-02-06,108.48421530532836,123.63814694976807,36.37746756291127,551.2616568461801,0.13968789470236787,ML_EXIT
ARM,2026-02-12,2026-02-26,122.25109744262694,129.19536450958253,34.05523106213994,236.48861952238138,0.05680331066324018,ML_EXIT
ARM,2026-02-27,2026-03-06,127.5137219467163,114.32280725479127,33.36399166604459,-440.1015678488919,-0.10344702115617854,STOP
ARM,2026-03-06,2026-03-12,114.43718725204467,115.06244274520874,35.61146809538947,22.266266046279497,0.005463743981988678,ML_EXIT
ARM,2026-03-13,2026-03-19,115.807875,129.75509732055664,26.428943330801825,368.610348332086,0.120434144228591,ML_EXIT
ARM,2026-03-31,2026-04-14,151.3556387786865,161.1393912200928,27.91840771335385,273.1467896257016,0.06464081893712703,ML_EXIT
ARM,2026-04-15,2026-04-17,159.41966633605955,166.6466307296753,27.168981367595162,196.34926095442023,0.04533295395551251,ML_EXIT
ARM,2026-05-06,2026-06-08,237.4186530532837,346.2168196411133,18.558732886876406,2019.1561122854114,0.4582545018626323,ML_EXIT
ARM,2026-06-09,2026-06-26,325.02241534423825,334.1028540191651,12.019280495313467,109.14033945443805,0.027937884423477444,TRAILING_STOP
ARM,2026-06-26,2026-07-07,334.43712400817867,300.2797776794434,15.69550425938743,-536.1167747920363,-0.10213383585938252,ML_EXIT
ARM,2026-07-09,2026-07-10,328.03393011474606,323.2283196411133,11.502493150367933,-55.276501556297475,-0.014649735995150848,ML_EXIT
ARM,2026-07-21,2026-07-22,289.8748759918213,283.25829389953617,12.951779375084696,-85.69651147641308,-0.022825648720490643,ML_EXIT
ARM,2026-07-29,2026-07-30,225.00244438934325,241.41922328948976,16.561981707128982,271.89439183420757,0.07296266911544746,ML_EXIT
ARM,2026-08-31,2026-09-02,242.03095866394042,234.74257061004639,20.96512433865028,-152.80196177822188,-0.03011345364298601,ML_EXIT
SMCI,2025-06-23,2025-06-24,40.91044438934326,42.8185801525116,97.67676835700459,186.38053493271002,0.04664177550868609,ML_EXIT
SMCI,2025-07-22,2025-07-25,49.88493061065674,54.44276622009278,61.148846947005005,278.7063920910137,0.09136698304762936,ML_EXIT
SMCI,2025-08-01,2025-08-05,56.66831938934326,57.23136832237244,55.26935454513662,31.119351105850605,0.009935867855207059,ML_EXIT
SMCI,2025-08-06,2025-08-07,46.813395915985105,46.646663169860844,89.41771884391986,-14.908861815013811,-0.0035616460387426496,ML_EXIT
SMCI,2025-08-08,2025-08-12,44.62229847335815,46.4067853050232,93.60002756822928,167.02801663899072,0.03999092141635163,ML_EXIT
SMCI,2025-09-04,2025-09-05,40.72035076332092,40.3897948474884,104.12450508904496,-34.4189711403171,-0.008117707967542076,ML_EXIT
SMCI,2025-09-18,2025-09-23,45.96296862602234,46.966506677627564,91.87517987564924,92.20023900328867,0.02183362131742439,ML_EXIT
SMCI,2025-09-30,2025-10-02,47.963968626022336,52.47375,66.55442473826999,300.14590504044844,0.09402435834992473,ML_EXIT
SMCI,2025-10-10,2025-10-15,52.88643061065674,53.91302862739563,82.69704737158114,84.89662482182761,0.019411368944457275,ML_EXIT
SMCI,2025-10-22,2025-10-24,52.52625,48.26585591506958,62.8820637139357,-267.9023722950693,-0.08110980861817507,ML_EXIT
SMCI,2025-11-05,2025-11-11,42.051013778686524,38.80058969497681,102.1225689018991,-331.94165744903785,-0.07729716341243564,ML_EXIT
SMCI,2025-11-12,2025-11-20,37.92895484733582,31.544219466209412,109.63688712270991,-700.0025122889278,-0.16833407107643716,STOP
SMCI,2025-11-20,2025-11-28,31.575779465675353,33.83307347488404,122.74110908071204,277.062770211521,0.07148814842916207,ML_EXIT
SMCI,2025-12-01,2025-12-09,33.42670484733581,35.00249045753479,89.37055294326504,140.82883130352292,0.04714151805856415,ML_EXIT
SMCI,2025-12-11,2025-12-12,34.03701045799255,32.31383683013916,118.60562868595233,-204.37809146660476,-0.050626468208190056,ML_EXIT
SMCI,2025-12-15,2026-01-13,31.385685839653014,28.585700381278993,94.44190398436032,-264.4359578173644,-0.0892121801218213,STOP
SMCI,2026-01-13,2026-01-21,28.61430038166046,32.22388167762757,100.75990326076395,363.7010621935087,0.1261460615084815,ML_EXIT
SMCI,2026-02-24,2026-02-25,31.145564160346982,33.583198474884036,128.01554620686562,312.0550882280594,0.07826585840562594,ML_EXIT
SMCI,2026-03-12,2026-03-13,30.915449618339537,30.734625,99.67105952827906,-18.02298129869818,-0.005849004965862381,ML_EXIT
SMCI,2026-03-18,2026-03-20,30.36517538166046,20.519735686302187,101.23872474463339,-996.7397593082634,-0.32423457370526454,STOP
SMCI,2026-03-20,2026-03-27,20.54026568698883,21.959014313697818,180.0602410152746,255.46021966531052,0.06907158107539435,ML_EXIT
SMCI,2026-03-30,2026-04-02,21.070529465675353,23.208389313697815,180.22839480231008,385.30304872139885,0.10146208482824859,ML_EXIT
SMCI,2026-04-06,2026-04-07,22.061024236679074,22.6586650762558,134.22827646914902,80.22029984395918,0.027090348714774448,ML_EXIT
SMCI,2026-04-08,2026-04-10,23.381685839653013,25.247370228767398,127.5979594944776,238.0575211116965,0.07979255225259974,ML_EXIT
SMCI,2026-04-16,2026-04-21,28.414199618339538,28.415785305023196,107.44419194349852,0.17037282440118723,5.5806135839109317e-05,ML_EXIT
SMCI,2026-04-23,2026-05-06,26.763375,34.642669847488406,152.00678184721127,1197.706252992026,0.294405875473045,ML_EXIT
SMCI,2026-05-07,2026-05-08,33.63680893135071,35.352313932418824,135.06294206893133,231.70115257822502,0.051000824857354576,ML_EXIT
SMCI,2026-05-11,2026-05-12,33.53676045799255,32.77360591506958,103.58668041604655,-79.05264574581565,-0.022755762110024946,ML_EXIT
SMCI,2026-05-15,2026-05-18,31.055520915985106,30.834575381278995,148.0449579922287,-32.70987240413669,-0.007114533203414597,ML_EXIT
SMCI,2026-06-10,2026-06-11,29.284635457992554,31.954014313697815,117.31952196240263,313.17025128788663,0.09115287979371844,ML_EXIT
SMCI,2026-06-26,2026-07-06,30.645314160346985,27.17640553379059,153.47043777691883,-532.3749255257402,-0.11319540104584513,ML_EXIT
SMCI,2026-07-07,2026-07-10,26.263125,28.295844466209413,170.8427636930384,347.2754114198541,0.07739823292960812,ML_EXIT
SMCI,2026-07-13,2026-07-14,27.673829847335814,27.63617461872101,167.0137335425232,-6.288940318355443,-0.0013606800656985607,ML_EXIT
SMCI,2026-07-15,2026-07-22,26.90344438934326,30.544719466209415,171.5655196778526,624.7172508525545,0.1353460554778816,ML_EXIT
SMCI,2026-07-23,2026-07-28,31.21560076332092,28.435775762557984,116.80217484718075,-324.68960578367694,-0.08905242676057346,ML_EXIT
SMCI,2026-07-29,2026-07-30,25.712850763320922,27.716134542465213,183.91070360703156,368.4253293469796,0.07790982795271972,ML_EXIT
SMCI,2026-08-03,2026-08-10,28.65431938934326,31.444269084930422,170.03240401687142,474.38185382682366,0.09736576387240103,ML_EXIT
SMCI,2026-08-11,2026-08-12,31.61580038166046,37.59119561004639,119.97894394414038,716.9216091505996,0.18900028328405405,ML_EXIT
SMCI,2026-08-17,2026-08-24,38.29913877868652,35.15241316986084,139.4496835209855,-438.809890278121,-0.08216178507326721,ML_EXIT
SMCI,2026-08-28,2026-08-31,37.098541831970216,37.261358779907226,139.12566201561432,22.652015669098336,0.00438876947440292,ML_EXIT
SMCI,2026-09-10,2026-09-11,37.39869106864929,40.079948474884034,138.14052619139548,370.3903089518435,0.07169388365258578,ML_EXIT
SMCI,2026-09-14,2026-09-16,36.75837167930603,36.83157347488404,144.45699378439045,10.57451132881852,0.0019914319441745043,ML_EXIT
TSLA,2025-05-21,2025-05-22,334.78730511474606,340.86948854064946,8.951952341719764,54.44741616228503,0.0181673060267884,ML_EXIT
TSLA,2025-05-23,2025-06-05,339.5096663360595,284.5576622009277,11.826876897037788,-649.9105881517153,-0.16185696486396417,STOP
TSLA,2025-06-05,2025-06-24,284.8423622131348,340.2997662200928,13.174598638038637,730.6290392992277,0.19469507125299623,ML_EXIT
TSLA,2025-06-30,2025-07-10,317.81883366394044,309.7150601196289,12.715893861462416,-103.0467242667926,-0.025498091006401546,ML_EXIT
TSLA,2025-07-15,2025-07-18,310.9353887786865,329.4851688995362,12.854705327346183,238.45195734058666,0.059657989377506215,ML_EXIT
TSLA,2025-08-01,2025-08-04,302.7813198852539,309.1053797607422,13.504719939290975,85.40465749777727,0.020886558912831754,ML_EXIT
TSLA,2025-08-05,2025-08-06,308.87436122131345,319.7500486602783,10.003584319266508,108.7958563256726,0.03521071608521198,ML_EXIT
TSLA,2025-09-16,2025-09-19,421.83080511474606,425.8569723205567,9.863579448593033,39.71242010783289,0.0095445073166609,ML_EXIT
TSLA,2025-10-10,2025-10-13,413.69673522949216,435.68204389953615,7.565846380380752,166.3374680228059,0.05314353921078929,ML_EXIT
TSLA,2025-11-12,2025-11-14,430.81530610656733,404.14783110046386,9.835275423181814,-262.2819615258448,-0.06190001754372898,ML_EXIT
TSLA,2026-01-02,2026-01-05,438.28904232788085,451.4441784210205,7.065707229383861,92.95034019682556,0.030014750136733825,ML_EXIT
TSLA,2026-01-06,2026-01-07,433.17647145080565,431.1942986602783,9.612077159625287,-19.052797806258457,-0.004575901326977827,ML_EXIT
TSLA,2026-01-21,2026-01-23,431.65572244262694,448.8354675598145,9.620607933264138,165.27959216587053,0.03979964639405664,ML_EXIT
TSLA,2026-01-26,2026-01-28,435.41761221313476,431.2442614593506,9.68139426972325,-40.40385407323134,-0.009584708189850022,ML_EXIT
TSLA,2026-01-29,2026-02-09,416.76827755737304,417.11134732055666,10.067824000954108,3.4539659957817017,0.0008231666891596046,ML_EXIT
TSLA,2026-02-11,2026-02-19,428.4841240081787,411.5041364593506,9.787931864661656,-166.19896119073266,-0.039628043601690144,ML_EXIT
TSLA,2026-02-23,2026-03-10,400.0299015655517,399.0403702392578,10.309912338588497,-10.201981230377317,-0.002473643401208925,ML_EXIT
TSLA,2026-03-12,2026-03-16,395.20751477050777,395.3622175598145,10.41706612409084,1.61154918578945,0.00039144698297688407,ML_EXIT
TSLA,2026-03-18,2026-03-25,392.9763887786865,385.75703720092775,10.46946938078881,-75.58278029249456,-0.018370955059654914,ML_EXIT
TSLA,2026-03-26,2026-04-08,372.29604034423824,343.078375,8.220860673292918,-240.19435599388157,-0.07847965645087851,ML_EXIT
TSLA,2026-05-08,2026-05-22,428.56418110656733,425.7970047607422,6.969420936639277,-19.28561675996666,-0.006456853997177769,ML_EXIT
TSLA,2026-06-01,2026-06-08,416.0879448852539,408.74553720092774,9.54695237941623,-70.09761651252138,-0.01764628794124512,ML_EXIT
TSLA,2026-06-10,2026-06-17,381.78079133605956,396.1818148803711,10.323234117247557,148.6651375759224,0.03772066031377452,ML_EXIT
TSLA,2026-06-23,2026-06-25,381.80079034423824,374.9324351196289,10.46987952985918,-71.91085176993859,-0.017989368797316274,ML_EXIT
TSLA,2026-07-08,2026-07-10,394.257027557373,407.55612976074224,7.54362921967401,100.32349597676702,0.03373206125395933,ML_EXIT
TSLA,2026-07-21,2026-07-23,379.1194576721191,319.5301574401856,10.559141970045346,-629.211881044642,-0.15717816383739724,STOP
TSLA,2026-07-23,2026-07-29,319.8498474426269,298.1708473205567,11.720479571496144,-254.08827806118677,-0.06777867895015621,ML_EXIT
TSLA,2026-08-19,2026-08-26,351.2955551147461,345.64709732055667,7.780550889915621,-43.94811331723136,-0.016078933285519126,ML_EXIT
TSLA,2026-08-27,2026-09-11,354.987402557373,365.2572824401856,7.657949837912819,78.64622498396866,0.028930265718803305,ML_EXIT
META,2025-06-02,2025-06-24,671.2354744262695,711.8439122009278,5.953201450527526,241.75021066375214,0.060498050716654594,ML_EXIT
META,2025-08-04,2025-08-11,776.7581801147461,765.487060119629,3.9484407926604934,-44.50334996769188,-0.014510461921948603,ML_EXIT
META,2025-08-21,2025-08-22,739.4695255737304,754.4125830383301,4.127039712127578,61.6705915770076,0.020207807012744494,ML_EXIT
META,2025-08-25,2025-08-28,753.6766377868652,750.7344303588868,4.071313825074748,-11.978649777765913,-0.0039038060627937243,ML_EXIT
META,2025-08-29,2025-09-04,739.0693622131347,748.2756994018555,4.144438544462807,38.15509869825583,0.012456661931097512,ML_EXIT
META,2025-09-23,2025-09-24,755.7777244262695,760.2796431579591,5.420666602285554,24.40340051507332,0.005956670309523959,ML_EXIT
META,2025-09-30,2025-10-01,734.7471948852539,716.981356842041,5.58462166147995,-99.21548397047107,-0.02417952483096908,ML_EXIT
META,2025-10-03,2025-10-13,710.915277557373,715.3421622009278,5.711506533613288,25.28418056521549,0.006227021395242893,ML_EXIT
META,2025-10-14,2025-10-15,709.0043494262695,717.1912127990723,5.736557211895517,46.96441012405518,0.011546986107247026,ML_EXIT
META,2025-10-16,2025-10-17,712.4260423278809,716.5615229187013,5.730756337345217,23.69943160381219,0.005804785823532832,ML_EXIT
META,2025-10-21,2025-10-27,733.6366545410156,750.4445973205567,5.573516938224551,93.67935377848148,0.022910445757452935,ML_EXIT
META,2025-10-28,2025-10-30,751.8157224426269,666.1367357177735,5.4841412855921705,-469.87566840547214,-0.1139627493376767,STOP
META,2025-10-31,2025-11-18,648.6741505737305,597.3911574401856,6.061891448365352,-310.87193752281485,-0.07905817287182915,STOP
META,2025-11-18,2025-11-20,597.9888474426269,588.8554494018555,6.36290780279767,-58.114969659681634,-0.015273525718467074,ML_EXIT
META,2025-12-03,2025-12-04,639.9197755737305,661.1992642822266,4.428726176472443,94.24102866526673,0.033253369439032676,ML_EXIT
META,2025-12-08,2025-12-16,667.1333877868652,656.8214494018555,5.717088942192386,-58.95426891350839,-0.015457086354527028,ML_EXIT
META,2025-12-17,2025-12-18,649.82475,664.1177872009278,5.828458555086723,83.30637495192016,0.021995218250655757,ML_EXIT
META,2025-12-19,2025-12-23,659.0994045410156,664.6075324401855,5.792303966650399,31.904751079179828,0.008357051851693997,ML_EXIT
META,2025-12-31,2026-01-02,660.4200718688965,650.084768157959,5.795383895142592,-59.897052677774134,-0.015649590542713088,ML_EXIT
META,2026-01-14,2026-01-22,615.8277795410156,647.3061898803711,6.1712327181130675,194.26059580041928,0.05111560631905365,ML_EXIT
META,2026-01-28,2026-01-29,669.0643454589843,737.9408425598145,4.343670376332551,299.176800082431,0.10294450387067067,ML_EXIT
META,2026-02-02,2026-02-03,706.7631781311035,691.3541622009278,5.648333790709558,-87.03526535999303,-0.021802233629264256,ML_EXIT
META,2026-02-06,2026-02-09,661.7907519836425,676.8813607177734,5.97484595517586,90.16406255626357,0.022802689050728686,ML_EXIT
META,2026-02-10,2026-02-12,671.0553306884765,649.4850925598145,5.941283003908037,-128.1548891840688,-0.03214375498147348,ML_EXIT
META,2026-02-23,2026-02-25,637.568625,653.3631574401855,6.168092413493885,97.42213571899154,0.02477307041290744,ML_EXIT
META,2026-02-26,2026-03-02,657.3385147705078,653.2332175598145,6.036963562299804,-24.783529673366267,-0.006245331923273256,ML_EXIT
META,2026-03-03,2026-03-04,655.4075570983887,667.3961154785156,4.526109687443422,54.26153022277366,0.018291760981827165,ML_EXIT
META,2026-03-05,2026-03-06,660.9002923278808,644.5375553588867,6.013843981159039,-98.40294723627375,-0.024758253489887028,ML_EXIT
META,2026-03-18,2026-03-19,615.9878326721191,606.3966622009277,6.383390205990864,-61.2241836497919,-0.015570389482508884,ML_EXIT
META,2026-03-20,2026-03-23,593.9568031311035,603.7579675598145,6.573720275920545,64.43011333264865,0.016501476836435103,ML_EXIT
META,2026-03-24,2026-03-26,593.2164429016113,547.2662080383301,4.965014554386091,-228.14358487365058,-0.07745947607002257,STOP
META,2026-03-31,2026-04-02,572.4160698852538,574.17279196167,6.697356120381709,11.765393350295485,0.00306896009535218,ML_EXIT
META,2026-04-15,2026-04-30,671.9158070983887,611.604018157959,5.70801515951731,-344.26060556958095,-0.08976093180614553,STOP
META,2026-05-05,2026-06-08,605.2625019836426,585.0973196411134,6.104475196980106,-123.09785545255065,-0.03331642432240778,TRAILING_STOP
META,2026-06-08,2026-06-17,585.6827096557616,567.2962270812989,6.219604553471707,-114.35665074245686,-0.031393248035731736,ML_EXIT
META,2026-06-18,2026-07-23,577.5085806884765,605.7969255981445,4.66765910395884,132.0403506535396,0.048983419217674795,TRAILING_STOP
META,2026-07-23,2026-07-30,606.4030255737305,538.7605142822266,6.010369188708754,-406.5564657133388,-0.1115471203784082,STOP
META,2026-07-30,2026-08-19,539.2995443115234,545.7570142822266,4.838907644436002,31.24710080495158,0.011973809432653804,TRAILING_STOP
META,2026-08-19,2026-09-09,546.3030443115234,653.3631574401855,6.388178665529837,683.9191306177303,0.1959720236660667,ML_EXIT
META,2026-09-10,2026-09-16,644.7021948852539,672.9733425598145,5.832323456809193,164.88647773325619,0.04385148352037538,END_OF_TEST
AMZN,2025-05-21,2025-05-27,201.22055511474608,205.91699427032472,19.85880616282606,93.26567484614282,0.02333975847000569,ML_EXIT
AMZN,2025-05-28,2025-06-10,204.82236122131346,217.5011956100464,19.67576425286075,249.46575643377338,0.06190161227090485,ML_EXIT
AMZN,2025-06-11,2025-06-24,213.3065969467163,212.66361927032472,14.508696512714039,-9.328767971215509,-0.0030143356351618467,ML_EXIT
AMZN,2025-06-25,2025-06-26,212.09600049591063,217.0114351196289,19.426119519072763,95.48782048853984,0.02317551774774307,ML_EXIT
AMZN,2025-06-27,2025-07-01,223.4116530532837,220.34977671051027,18.59807427578917,-56.9450036461817,-0.013705087899077317,ML_EXIT
AMZN,2025-07-07,2025-07-11,223.58173622131346,224.90749427032472,18.46739255141005,24.48329431928239,0.00592963482356601,ML_EXIT
AMZN,2025-07-16,2025-07-21,223.30159744262693,229.18535305023195,18.51954465444201,108.96447471086485,0.026348918570171742,ML_EXIT
AMZN,2025-07-22,2025-07-28,227.58373622131347,232.67359828948975,18.347690109675078,93.38721192788816,0.022364788243157463,ML_EXIT
AMZN,2025-07-29,2025-08-01,231.12549950408933,214.642625,18.21338298517817,-300.2089060396076,-0.07131569013135952,STOP
AMZN,2025-08-01,2025-08-06,214.857375,222.19884255981447,19.01897827232052,139.62721200705747,0.034169027522627404,ML_EXIT
AMZN,2025-08-08,2025-08-13,222.80134744262693,224.44771755981446,18.576366676024648,30.583574981325228,0.007389408260250585,ML_EXIT
AMZN,2025-08-18,2025-08-22,231.60575049591063,228.7255763397217,17.908618747187884,-51.57994088869109,-0.012435676359597969,ML_EXIT
AMZN,2025-08-25,2025-08-27,228.05397244262693,229.0054351196289,18.082701107597263,17.20501520326124,0.004172094293342532,ML_EXIT
AMZN,2025-09-02,2025-09-04,225.45266633605956,235.5621526794434,18.307180483533315,185.07619108414286,0.04484083735924704,ML_EXIT
AMZN,2025-09-22,2025-09-23,227.74381988525388,220.59965171051027,13.82469414616719,-98.76593994461194,-0.03136931741262228,ML_EXIT
AMZN,2025-10-09,2025-10-10,227.85387549591064,216.2618101196289,13.679951443066887,-158.57889147239106,-0.05087499763193537,STOP
AMZN,2025-10-13,2025-10-20,220.18004232788084,216.3717557296753,13.932607469423482,-53.059362303863864,-0.017296238832284483,ML_EXIT
AMZN,2025-10-22,2025-10-23,218.0589719467163,220.9794513397217,13.986842170164472,40.84828433118418,0.013393071456463845,ML_EXIT
AMZN,2025-10-27,2025-11-03,227.08348622131345,253.87300000000002,13.476793953832347,361.0367573187115,0.11797209134167397,ML_EXIT
AMZN,2025-11-12,2025-11-18,244.3220969467163,222.43872805023196,17.281103433228157,-378.1687613676338,-0.08956770251221624,STOP
AMZN,2025-12-11,2025-12-15,230.39513877868652,222.42872328948977,13.241862307631708,-105.49017699332784,-0.03457718566210355,ML_EXIT
AMZN,2025-12-19,2025-12-29,227.46368110656738,231.95397232055666,17.687496585961522,79.42201051740842,0.01974069527119604,ML_EXIT
AMZN,2026-01-09,2026-01-14,247.50369488525388,236.53166889953616,12.277851191536604,-134.7129023223149,-0.0443307563178178,STOP
AMZN,2026-01-14,2026-01-21,236.7683188934326,231.19434255981446,16.875332473058844,-94.06270382676757,-0.02354190104347087,ML_EXIT
AMZN,2026-01-23,2026-02-02,239.27958366394043,242.83852671051028,16.5279433113393,58.82200892199168,0.014873575890069546,ML_EXIT
AMZN,2026-02-05,2026-02-11,222.80134744262693,203.97796183013918,17.841538894987313,-335.8381665405449,-0.08448506182097903,STOP
AMZN,2026-02-11,2026-02-17,204.1820418319702,201.04941889953614,18.796333097285128,-58.88182410622472,-0.0153423038790651,ML_EXIT
AMZN,2026-02-20,2026-02-26,210.21505561065672,207.81603816986086,13.59785785143795,-32.62149814306255,-0.011412205628312022,ML_EXIT
AMZN,2026-03-06,2026-03-23,213.3166117172241,210.03492938995362,17.79510314458491,-58.39787550153979,-0.015384091753813944,ML_EXIT
AMZN,2026-03-24,2026-04-10,207.34362549591063,238.2608148803711,18.180657202246277,562.0948218558034,0.14911087481235463,ML_EXIT
AMZN,2026-05-06,2026-05-19,275.12748522949215,259.2103263397217,14.506066690358473,-230.89536837604257,-0.05785375778248214,STOP
AMZN,2026-06-04,2026-06-05,253.91688828277586,245.90698377990725,11.506677246764518,-92.16738589191486,-0.031545379108255056,ML_EXIT
AMZN,2026-07-06,2026-07-10,244.28208366394043,245.2173263397217,15.787172639746563,14.7648375826174,0.003828535690189483,ML_EXIT
AMZN,2026-07-31,2026-08-05,271.7157765655517,272.5136688995361,14.203569366921837,11.332919113082694,0.0029364961581166416,ML_EXIT
GOOGL,2025-05-21,2025-05-28,168.64427755737304,172.27382061004639,23.69484490003258,86.0014596910856,0.021521886809581003,ML_EXIT
GOOGL,2025-06-03,2025-06-09,166.26308267211914,176.0019513397217,24.221472083800002,235.88973556012994,0.05857505172575328,ML_EXIT
GOOGL,2025-06-12,2025-06-20,175.7878469467163,166.55667938995362,23.42644196052558,-216.25341099638743,-0.05251311576482742,STOP
GOOGL,2025-06-20,2025-06-27,166.72331938934326,178.44073377990725,24.162561905829,283.12275058825395,0.07028059682041676,ML_EXIT
GOOGL,2025-06-30,2025-07-01,176.31811072540282,175.7520763397217,23.470442517294515,-13.285077511940862,-0.003210302012381816,ML_EXIT
GOOGL,2025-07-03,2025-07-14,179.61976377868652,181.46921755981447,22.99107643527232,42.52093324541607,0.01029649378342734,ML_EXIT
GOOGL,2025-07-18,2025-07-22,185.15252755737305,191.24432633972168,22.377896089392706,136.32164014888673,0.032901515646125645,ML_EXIT
GOOGL,2025-08-01,2025-08-04,189.22456988525389,194.94247328948975,22.16641674122251,126.74542974434715,0.030217552655573243,ML_EXIT
GOOGL,2025-08-18,2025-08-22,203.60174999999998,205.98695133972168,15.624891362330509,37.268511810436806,0.01171503358748982,ML_EXIT
GOOGL,2025-09-16,2025-10-07,251.28558366394043,245.63711450958255,16.928975567790317,-95.62279630954184,-0.022478285749619187,ML_EXIT
GOOGL,2025-10-09,2025-10-14,241.6507637786865,245.3272719497681,17.4319057700339,64.088544001054,0.01521413842684427,ML_EXIT
GOOGL,2025-11-13,2025-12-17,278.70929232788086,296.5716412200928,15.193785678176278,271.3967007770772,0.064089534808901,TRAILING_STOP
GOOGL,2025-12-17,2025-12-18,296.8683612213135,302.3087614593506,14.617943395039424,79.52746272598554,0.01832596850555368,ML_EXIT
GOOGL,2025-12-19,2026-01-13,307.3135836639404,335.8020162200928,14.21311188034174,404.90927921616435,0.09270150774495423,ML_EXIT
GOOGL,2026-01-14,2026-02-10,336.00791633605957,318.4206965789795,13.470009230198595,-236.90001246139937,-0.052341682746218754,ML_EXIT
GOOGL,2026-02-11,2026-02-12,311.11547145080567,308.8455,10.674107881974262,-24.2299201549012,-0.007296234546678937,ML_EXIT
GOOGL,2026-03-03,2026-03-24,303.73177656555174,290.29478244018554,10.903153322647261,-146.5056071443782,-0.044239671848974926,TRAILING_STOP
GOOGL,2026-03-24,2026-03-27,290.58522244262696,274.2028263397217,14.984860742674845,-245.48792423337443,-0.056377251276567564,STOP
GOOGL,2026-03-27,2026-03-31,274.47716633605955,287.41621755981447,15.494543716994027,200.4846948428956,0.047140719923903784,ML_EXIT
GOOGL,2026-04-01,2026-04-15,297.5387096557617,336.9514351196289,14.55115339745822,573.5006140366396,0.13246251390101782,ML_EXIT
GOOGL,2026-07-10,2026-07-14,357.3585826721191,359.3302547607422,9.559749103480142,18.848690481571584,0.005517349195533816,ML_EXIT
GOOGL,2026-07-17,2026-07-22,346.9433740081787,341.9189513397217,13.142790130234992,-66.03493265712589,-0.014481967504987092,ML_EXIT
GOOGL,2026-07-31,2026-08-04,356.3080698852539,377.4611688995362,12.713146694526042,268.92245081240515,0.059367442957703576,ML_EXIT
GOOGL,2026-08-05,2026-08-19,362.6112076721191,344.54764122009277,12.778227995444881,-230.8203705348621,-0.049815245833106814,ML_EXIT
AAPL,2025-05-30,2025-06-02,200.95043110656738,201.59914694976808,14.914125754777011,9.67502966461152,0.0032282381263302184,ML_EXIT
AAPL,2025-06-04,2025-06-10,202.92141732788085,202.56866316986086,14.774681969817696,-5.211830498276181,-0.0017383781498530038,ML_EXIT
AAPL,2025-06-20,2025-06-23,201.10049999999998,201.39925000000002,19.85568424448242,5.931885668039935,0.0014855756201503922,ML_EXIT
AAPL,2025-06-24,2025-06-25,200.40015305328367,201.45921755981448,19.920959073565157,21.097580690865595,0.0052847489904321865,ML_EXIT
AAPL,2025-06-26,2025-07-03,201.10049999999998,213.44322805023194,19.87758994248614,245.34368695413227,0.0613759192554566,ML_EXIT
AAPL,2025-07-09,2025-07-11,211.24556938934325,211.05442366027833,19.371474963305253,-3.702774704923709,-0.0009048508312741177,ML_EXIT
AAPL,2025-07-14,2025-07-15,208.72430511474607,209.0054456100464,14.687034291692617,4.129120095259254,0.001346946610485844,ML_EXIT
AAPL,2025-07-16,2025-07-17,210.26508366394043,209.9149942703247,19.435396044928403,-6.804126016050315,-0.0016649906276177129,ML_EXIT
AAPL,2025-07-18,2025-08-01,211.28558267211912,202.2788148803711,19.31320291942298,-173.9495340101527,-0.0426284069070868,STOP
AAPL,2025-08-06,2025-08-11,213.35662499999998,227.06640267944337,18.784969811522593,257.53775983103037,0.06425756725127885,ML_EXIT
AAPL,2025-08-13,2025-08-20,233.4466668319702,225.89698950958254,17.59503477666195,-132.83683503998682,-0.032340051904967804,ML_EXIT
AAPL,2025-08-27,2025-09-02,230.60525049591064,229.60514122009278,13.17572779533452,-13.177167583765295,-0.0043368885732963935,ML_EXIT
AAPL,2025-09-03,2025-09-10,238.58923622131346,226.67659828948976,16.947535354755953,-201.8898525179889,-0.04992948600905711,STOP
AAPL,2025-09-15,2025-09-23,236.8183469467163,254.30277767944338,16.72029162893208,292.34478081705936,0.07383055813940387,ML_EXIT
AAPL,2025-09-25,2025-09-26,256.9984301147461,255.33227671051026,15.849162277223526,-26.407135682482277,-0.0064831267782139435,ML_EXIT
AAPL,2025-09-30,2025-10-09,254.75731988525388,253.91297328948977,11.95081798240254,-10.090632480038071,-0.0033143173124305925,ML_EXIT
AAPL,2025-10-20,2025-10-21,262.37111022949216,262.63860401916503,15.447388735924939,4.132080553522556,0.001019524556034046,ML_EXIT
AAPL,2025-10-27,2025-10-28,268.94440255737305,268.8655,15.06392133403815,-1.1885819173221401,-0.00029337869322720866,ML_EXIT
AAPL,2025-11-11,2025-12-10,275.38762499999996,278.64060877990727,14.697985705282056,47.812309096592045,0.01181238183780886,ML_EXIT
AAPL,2025-12-12,2025-12-15,278.4191387786865,273.97293035888674,10.946159064602028,-48.66890459750085,-0.015969478388962344,ML_EXIT
AAPL,2025-12-26,2026-01-05,273.5366938934326,267.1263797607422,14.775451118198745,-94.71528311986499,-0.023434933139857894,ML_EXIT
AAPL,2026-01-07,2026-01-09,260.46015156555177,259.24031011962893,11.519764043310433,-14.052285627281726,-0.004683409107269276,ML_EXIT
AAPL,2026-01-14,2026-01-20,260.08997145080565,246.57664694976808,15.350753945761815,-207.43971940466233,-0.05195634582009834,STOP
AAPL,2026-01-20,2026-01-29,246.8233469467163,258.15085877990725,15.827411467234935,179.28519068388593,0.04589319435667605,ML_EXIT
AAPL,2026-01-30,2026-02-05,259.6097509918213,275.77204866027836,11.483645200306253,185.60209204629814,0.06225612715512474,ML_EXIT
AAPL,2026-02-13,2026-02-23,255.9078887786865,266.04690267944335,11.859922498173958,120.24791907088468,0.03961977862091315,ML_EXIT
AAPL,2026-02-24,2026-02-25,272.2760846557617,274.09289598083495,15.02998877720718,27.30665382615422,0.006672680516066176,ML_EXIT
AAPL,2026-03-03,2026-03-09,263.881875,259.7500648803711,15.537009184633579,-64.1959717778359,-0.015657801884380596,ML_EXIT
AAPL,2026-03-11,2026-03-12,260.94040255737303,255.63211450958252,15.601377593903841,-82.81660621078646,-0.020342913537980678,ML_EXIT
AAPL,2026-03-20,2026-03-25,248.11400049591063,252.4936851196289,12.196150128644444,53.41529118698375,0.01765190442685416,ML_EXIT
AAPL,2026-03-26,2026-03-30,253.01644438934323,246.5066898803711,12.015872909215336,-78.2203828500005,-0.025728582680400347,ML_EXIT
AAPL,2026-03-31,2026-04-01,253.91688828277586,255.5021898803711,15.83179986187739,25.09817761384244,0.006243387780610288,ML_EXIT
AAPL,2026-04-02,2026-04-20,256.04795816802977,272.9134627990723,11.794956969475717,198.92790139164018,0.06586853787748104,ML_EXIT
AAPL,2026-04-21,2026-05-06,266.3030984344482,287.3662547607422,11.55759208734796,243.43936889134872,0.07909467238691859,ML_EXIT
AAPL,2026-05-08,2026-05-11,293.4666673278808,292.5336526794434,10.729881733582966,-10.011136833434323,-0.0031792866185890167,ML_EXIT
AAPL,2026-06-04,2026-06-09,311.38562599182126,290.4047127990723,10.09673106415994,-211.83863798767163,-0.06737919621665533,STOP
AAPL,2026-06-09,2026-06-16,290.6952627868652,299.0903702392578,14.120936124627082,118.54677609461682,0.028879409220190277,ML_EXIT
AAPL,2026-06-17,2026-06-18,296.09798721313473,297.8610047607422,14.012019897858677,24.703436957350153,0.005954169307940793,ML_EXIT
AAPL,2026-06-23,2026-06-25,294.4471377868652,275.01241889953616,10.58460371670486,-205.7087977679371,-0.06600410190231432,STOP
AAPL,2026-06-25,2026-06-29,275.2875688934326,281.59912023925784,11.090758571920844,69.99989219082994,0.022927120796611522,ML_EXIT
AAPL,2026-07-01,2026-07-02,294.5271948852539,308.47568988037114,10.431209863430949,145.49967857308422,0.04735893743377928,ML_EXIT
AAPL,2026-07-21,2026-07-22,327.9038602294922,325.7270696411133,9.496671317822472,-20.6722647455636,-0.006638502477083974,ML_EXIT
AAPL,2026-07-31,2026-08-07,309.0644586639404,313.1733215789795,13.399312461410307,55.05593805970987,0.01329451769640988,ML_EXIT
AAPL,2026-08-19,2026-08-25,316.9884015655517,309.74504389953614,13.123250692467195,-95.05639850632657,-0.02285054478410531,ML_EXIT
AAPL,2026-08-28,2026-08-31,319.85986221313476,316.6915811004639,12.876405963864029,-40.79607381439275,-0.009905216274243567,ML_EXIT
AAPL,2026-09-04,2026-09-14,320.12998622131346,332.9134465789795,9.603285858758802,122.7632240787782,0.039932092924367835,ML_EXIT
MSFT,2025-06-10,2025-06-11,471.1554734344482,472.3836851196289,6.360957622233741,7.812602480566878,0.0026068076344900604,ML_EXIT
MSFT,2025-06-20,2025-06-23,477.6386938934326,485.757,6.275751594143779,50.94847249003747,0.016996751331831428,ML_EXIT
MSFT,2025-06-27,2025-06-30,496.1879724426269,497.16129866027836,6.068261070371751,5.9063975953464585,0.00196160784160071,ML_EXIT
MSFT,2025-07-10,2025-07-11,501.73075099182125,503.06834732055665,8.001531584887111,10.702819272205355,0.0026659644163553597,ML_EXIT
MSFT,2025-07-18,2025-07-23,510.30501278686523,505.61706011962895,7.86917007391189,-36.89029683693123,-0.00918656989402189,ML_EXIT
MSFT,2025-07-28,2025-07-30,512.75625,512.9833702392579,7.796568795911947,1.770758570317644,0.0004429399724681371,ML_EXIT
MSFT,2025-08-01,2025-08-04,524.3720403442383,535.3721946411133,7.619112703183857,83.8114153403032,0.020977766643800688,ML_EXIT
MSFT,2025-08-05,2025-08-12,528.013875,528.9753702392578,7.623876593527933,7.330321049366301,0.0018209658586298971,ML_EXIT
MSFT,2025-08-13,2025-08-14,520.8403070983886,522.2187404785157,5.796239319922756,7.989729757786351,0.002646556653432386,ML_EXIT
MSFT,2025-08-15,2025-08-18,520.4300679016113,516.8414255981446,7.735901357376724,-27.76138286652768,-0.0068955322238321015,ML_EXIT
MSFT,2025-08-25,2025-08-27,504.51213977050776,506.48662023925783,7.951630518232941,15.700339152967965,0.003913643127890332,ML_EXIT
MSFT,2025-09-02,2025-09-03,505.3725551147461,505.0973311004639,7.944147179801501,-2.1864200768733753,-0.0005445962814891736,ML_EXIT
MSFT,2025-09-05,2025-09-08,495.24749999999995,497.95091220092775,8.09831638005128,21.89308730880409,0.005458709435035569,ML_EXIT
MSFT,2025-09-16,2025-09-29,509.2945285491943,514.3426755981445,7.88581756335843,39.80876666102773,0.009912038645556676,ML_EXIT
MSFT,2025-10-02,2025-10-06,515.9978602294922,528.3057223205567,5.8559604134249,72.07435317916685,0.023852544825652133,ML_EXIT
MSFT,2025-10-16,2025-10-17,511.86579034423823,513.3232270812989,7.922467417374546,11.546495062247871,0.0028473024854436257,ML_EXIT
MSFT,2025-11-05,2025-11-10,507.4135836639404,505.747,5.996006471119909,-9.992846433649369,-0.0032844679716815817,ML_EXIT
MSFT,2025-11-11,2025-11-20,508.9343326721191,478.1907776794434,7.958168050671663,-244.66237710677936,-0.06040770492188874,STOP
MSFT,2025-11-20,2025-11-28,478.6692076721191,491.76400476074224,8.250535100593783,108.03908301483837,0.027356673207174165,ML_EXIT
MSFT,2025-12-03,2025-12-05,477.9688759918213,482.91842366027834,8.346251613937545,41.31017021612053,0.010355376504770142,ML_EXIT
MSFT,2025-12-12,2025-12-18,478.7692637786865,483.73802098083496,8.36008081312519,41.53921175075912,0.010378187528022442,ML_EXIT
MSFT,2025-12-26,2025-12-29,487.95384645080566,486.8564561004639,6.17261006817292,-6.773762725235323,-0.0022489634180030693,ML_EXIT
MSFT,2025-12-31,2026-01-14,483.86180511474606,459.1503148803711,8.289183567995337,-204.83807879145795,-0.051071380243610465,STOP
MSFT,2026-01-14,2026-01-23,459.6096948852539,465.71703720092773,8.541684115252352,52.166988844199935,0.013288105937797168,ML_EXIT
MSFT,2026-01-29,2026-02-05,433.71675,393.4731784210205,9.092401459023826,-365.9107089410427,-0.09278768131269888,STOP
MSFT,2026-02-05,2026-02-23,393.86684843444823,384.2777662200928,9.633463390416155,-92.37607245968357,-0.02434599980290375,TRAILING_STOP
MSFT,2026-02-23,2026-03-03,384.66223622131344,403.72802767944336,9.760228644030741,186.0864839107563,0.049565020069088694,ML_EXIT
MSFT,2026-03-06,2026-03-16,409.16447145080565,399.75003720092775,9.34996909713719,-88.02466930338831,-0.02300892405564059,ML_EXIT
MSFT,2026-03-19,2026-03-24,389.2144990081787,372.55362023925784,9.731078056717598,-162.12831179387769,-0.042806418597912343,STOP
MSFT,2026-03-24,2026-03-27,372.92636022949216,356.59160401916506,9.974426358867396,-162.9298229099595,-0.043801559643772525,STOP
MSFT,2026-03-27,2026-04-02,356.9483740081787,373.2732614593506,10.230360577311284,167.0094850095126,0.045734589761145195,ML_EXIT
MSFT,2026-04-20,2026-04-24,418.27904232788086,424.4076851196289,8.882732680929081,54.43909561600096,0.014652043663578862,ML_EXIT
MSFT,2026-04-27,2026-04-28,425.03241732788086,429.03537500000004,8.78573490630386,35.16892494839432,0.009418005565987597,ML_EXIT
MSFT,2026-04-29,2026-05-06,424.67222145080564,413.7530114593506,8.81921519922577,-96.29886272017812,-0.025712089088737122,ML_EXIT
MSFT,2026-06-02,2026-06-08,441.530652557373,411.53412023925785,8.388632638934153,-251.62989005858395,-0.06793759877003636,STOP
MSFT,2026-06-08,2026-06-17,411.94586022949215,378.7205486602783,8.7400468089288,-290.3907783561725,-0.0806545587099825,STOP
MSFT,2026-06-22,2026-07-07,367.52366633605953,388.6455763397217,9.473194257863303,200.09195656179776,0.05747088402287681,ML_EXIT
MSFT,2026-07-08,2026-07-09,383.5316663360596,384.16780535888677,6.959104582232392,4.426957988693564,0.0016586349411622514,ML_EXIT
MSFT,2026-07-17,2026-07-23,394.01691732788083,381.3891965789795,9.030955001642587,-114.04037785663617,-0.03204867657596833,ML_EXIT
MSFT,2026-08-03,2026-08-04,487.8938188934326,492.5635925598145,7.194144902015169,33.59502841556603,0.009571290894754947,ML_EXIT
MSFT,2026-08-07,2026-08-25,500.23998522949216,491.46413645935064,7.037788868498558,-61.76257078612877,-0.017543277285432257,ML_EXIT
MSFT,2026-08-31,2026-09-14,507.5436535491943,505.15729866027834,6.882388684697122,-16.423821885146765,-0.004701772689360673,ML_EXIT
MSFT,2026-09-15,2026-09-16,497.3685551147461,490.0548377990723,7.0043897491540115,-51.22812659411565,-0.014704824501795222,END_OF_TEST
QQQ,2025-05-22,2025-06-02,514.257,522.94841696167,7.770433849223249,67.53608055667388,0.01690092106022867,ML_EXIT
QQQ,2025-06-03,2025-06-13,527.5636377868652,526.6965419616699,5.71461659910207,-4.955120195673125,-0.0016435852721631283,ML_EXIT
QQQ,2025-07-21,2025-08-04,564.4520679016113,563.8179255981446,5.335319929637561,-3.3833520699119437,-0.0011234652852352145,ML_EXIT
QQQ,2025-08-07,2025-08-12,569.5246102294922,579.7599627990722,7.043800672992587,72.09578331792451,0.01797174763958953,ML_EXIT
QQQ,2025-08-15,2025-08-21,577.6286968688964,562.9983892822266,6.989249029046004,-102.25486309477628,-0.025328221513188476,STOP
QQQ,2025-08-26,2025-08-28,572.8962903442382,576.7914770812988,5.227572454240304,20.362370890780227,0.006799113212480501,ML_EXIT
QQQ,2025-09-02,2025-09-03,565.9028051147461,569.7849723205567,5.2997746675286646,20.574611412465348,0.00686013069863356,ML_EXIT
QQQ,2025-09-05,2025-09-09,576.348027557373,580.2197547607423,5.211293623621427,20.1767072873197,0.006717689691379869,ML_EXIT
QQQ,2025-09-16,2025-09-19,591.4755826721191,599.0503005981445,5.085177801251239,38.51878744816427,0.012806476121643096,ML_EXIT
QQQ,2025-09-25,2025-10-10,593.8267943115234,589.20525,6.775235507806552,-31.312051120334683,-0.007782646986957853,TRAILING_STOP
QQQ,2025-10-10,2025-10-13,589.79475,601.7090047607422,5.096179079919353,60.71717586452401,0.02020067957665317,ML_EXIT
QQQ,2025-10-16,2025-10-17,600.2899852294921,603.6280276794434,6.712479997635304,22.406543176555857,0.005560716540482069,ML_EXIT
QQQ,2025-10-22,2025-10-24,605.7927352294921,616.7914255981445,4.995715179213961,54.94632442615135,0.018155863761696978,ML_EXIT
QQQ,2025-10-29,2025-10-30,636.0879045410156,625.7369627990723,4.780792048211632,-49.4856999713844,-0.016272816489746433,ML_EXIT
QQQ,2025-11-03,2025-11-05,632.3960570983886,622.9683892822266,6.376519352669346,-60.115706280295306,-0.01490785356793467,ML_EXIT
QQQ,2025-11-06,2025-11-10,611.9758179016113,622.9183654785156,4.9086046252817646,53.71263964835823,0.017880686224538866,ML_EXIT
QQQ,2025-11-11,2025-11-18,621.8807923278808,596.0118425598145,6.4711811454514905,-167.4026599917429,-0.041597923729452035,STOP
QQQ,2025-11-18,2025-12-11,596.608152557373,625.2672270812989,6.62789839422361,189.94943401706274,0.04803667935323741,ML_EXIT
QQQ,2025-12-12,2025-12-18,613.9268051147461,608.8054303588867,6.559290534207402,-33.59258495823725,-0.008341995679602476,ML_EXIT
QQQ,2025-12-22,2026-01-05,619.5196269836425,617.6809952392579,6.473231847396167,-11.901889563384326,-0.002967834535504088,ML_EXIT
QQQ,2026-01-08,2026-01-13,620.7802056884765,625.9268702392578,4.835450944434931,24.8864439627654,0.008290638946957696,ML_EXIT
QQQ,2026-01-20,2026-01-21,608.364027557373,615.9718892822266,4.943426885269214,37.608908190051864,0.012505443090380819,ML_EXIT
QQQ,2026-01-22,2026-01-28,621.0703897705077,632.9033607177735,4.857516504263434,57.478851670812965,0.01905254403069856,ML_EXIT
QQQ,2026-02-04,2026-02-13,606.052875,601.6190229187011,5.003292234708384,-22.18385768820801,-0.007315949258220766,ML_EXIT
QQQ,2026-02-19,2026-03-11,603.7717056884766,607.3861574401856,6.67757766733388,24.135782296867827,0.005986454346328607,ML_EXIT
QQQ,2026-03-12,2026-03-25,597.5586397705077,587.5260973205567,6.757736278899842,-67.79727608363693,-0.01678921829965352,ML_EXIT
QQQ,2026-03-26,2026-04-20,574.0768730163574,646.4665830383301,6.981382263765203,505.3802376265067,0.1260975897559109,ML_EXIT
QQQ,2026-05-06,2026-05-21,696.1179045410156,714.1527547607423,6.0426450576082384,108.97819854493609,0.02590775226736608,ML_EXIT
QQQ,2026-05-26,2026-06-05,730.6451693115234,704.7074675598145,4.359025045971658,-113.06309157064211,-0.03549972386206246,STOP
QQQ,2026-06-05,2026-06-23,705.412527557373,713.2931994018555,5.952336373026979,46.90840966380309,0.011171720853570433,ML_EXIT
QQQ,2026-07-09,2026-07-10,723.6416693115234,725.1472547607423,4.367722255861465,6.57597907465444,0.0020805676525665895,ML_EXIT
QQQ,2026-07-24,2026-07-31,684.5720954589843,687.6459952392579,6.156136062415079,18.923345289591875,0.0044902498957579695,ML_EXIT
QQQ,2026-08-03,2026-08-05,700.4200423278808,716.9413377990724,4.517114531434837,74.6285838510481,0.023587696628843302,ML_EXIT
QQQ,2026-08-24,2026-08-27,706.6731673278808,720.7494303588868,6.00810321103943,84.57164111602255,0.019919056901837706,ML_EXIT
QQQ,2026-08-28,2026-08-31,716.7882076721191,716.4016297607423,4.474262479854188,-1.7296510444140138,-0.0005393195747909196,ML_EXIT
QQQ,2026-09-01,2026-09-16,707.9938346557617,704.3676107177735,6.0351889553488,-21.884946660168076,-0.0051218298246218374,END_OF_TEST
GLD,2025-05-21,2025-06-24,305.97291732788085,306.0369074401856,13.059979408954954,0.8357095490765751,0.0002091365237928411,TRAILING_STOP
GLD,2025-06-24,2025-07-01,306.3430974426269,307.39621279907226,13.034856823350248,13.72720788973655,0.003437698989260163,ML_EXIT
GLD,2025-07-03,2025-07-07,307.2935846557617,307.21631011962893,13.001981189638885,-1.0047220652366147,-0.0002514681073454428,ML_EXIT
GLD,2025-07-08,2025-07-11,304.3120836639404,308.9854446411133,13.11755199373915,61.30305560357681,0.015357132457263223,ML_EXIT
GLD,2025-07-14,2025-07-15,308.1640147705078,306.576645980835,13.02264289410821,-20.67173688916138,-0.005151051756821512,ML_EXIT
GLD,2025-07-23,2025-07-24,312.3360826721191,310.1148540191651,12.811996726766925,-28.458374231048055,-0.007111662008279174,ML_EXIT
GLD,2025-07-25,2025-08-04,307.5536938934326,310.7545486602783,12.963877967324972,41.49549058851856,0.010407466502271312,ML_EXIT
GLD,2025-08-08,2025-08-18,313.20651278686523,306.79653720092773,9.579459557379545,-61.40410188927856,-0.020465652290887815,STOP
GLD,2025-08-19,2025-08-22,305.4226240081787,310.42469657897954,13.010018128734728,65.07705482736596,0.016377544352008888,ML_EXIT
GLD,2025-09-16,2025-09-23,339.75979133605955,346.2867614593506,11.762296510120416,76.77215790284654,0.019210543124083657,ML_EXIT
GLD,2025-09-24,2025-09-25,343.49166732788086,344.577625,11.714425067639128,12.721369776667606,0.003161525519868036,ML_EXIT
GLD,2025-09-29,2025-09-30,352.63622145080564,355.2922662200928,8.561943072416819,22.740904112427277,0.0075319680955057144,ML_EXIT
GLD,2025-10-02,2025-10-03,354.96740354919433,357.4611946411133,11.359725659811657,28.328782657081756,0.007025408719179449,ML_EXIT
GLD,2025-10-09,2025-10-10,365.61270767211914,368.93543511962895,11.051084511430863,36.71974183088182,0.009088107108382149,ML_EXIT
GLD,2025-10-15,2025-10-21,387.5837096557617,377.05137023925784,7.840586397681359,-82.5797171648035,-0.02717436041328547,TRAILING_STOP
GLD,2025-10-21,2025-12-04,377.42861022949216,386.9364398803711,10.641612461027087,101.17863849011606,0.02519106764348833,ML_EXIT
GLD,2025-12-05,2025-12-10,386.63322244262696,388.8554627990723,10.484427531839222,23.298917975479878,0.005747670472821653,ML_EXIT
GLD,2025-12-11,2025-12-15,393.43661022949215,395.6020877990723,10.318530489976702,22.344546327073544,0.005504006270074857,ML_EXIT
GLD,2025-12-16,2025-12-19,396.0879596557617,398.8204790191651,7.697838418843465,21.034492535840037,0.0068987690657857925,ML_EXIT
GLD,2025-12-24,2025-12-26,412.1359576721191,416.53162023925785,9.878585910470372,43.422930302918815,0.010665564324857435,ML_EXIT
GLD,2025-12-29,2025-12-30,398.79930610656737,398.6905696411133,10.244249238660569,-1.1139234534423739,-0.0002726596154734029,ML_EXIT
GLD,2026-01-12,2026-01-14,422.44112599182125,425.72703244018555,9.662146681999028,31.74891008742234,0.007778377260617253,ML_EXIT
GLD,2026-01-15,2026-01-21,423.5416515655517,443.3782061004639,9.659259174398498,191.60642137980662,0.04683495581034269,ML_EXIT
GLD,2026-01-30,2026-03-16,445.17248721313473,460.1997776794434,9.354389188163426,140.57112346542914,0.033756107796289125,TRAILING_STOP
GLD,2026-03-16,2026-03-19,460.6602076721191,426.1967986602783,9.154476319208086,-315.494461678079,-0.07481308009215015,STOP
GLD,2026-03-19,2026-03-23,426.62320866394043,403.83798854064946,9.581723095443609,-218.32166989010355,-0.053408299549965066,STOP
GLD,2026-03-23,2026-03-31,404.2420285491943,430.07486354064946,9.888538246896447,255.4489768387693,0.06390437699951201,ML_EXIT
GLD,2026-04-02,2026-04-07,429.6247086639404,431.5940925598145,9.534232366477475,18.776563682062374,0.004583963296707294,ML_EXIT
GLD,2026-04-08,2026-04-28,434.7472637786865,421.6990486602783,7.073699735146355,-92.29915582721651,-0.03001333465562772,TRAILING_STOP
GLD,2026-04-28,2026-05-19,422.1209586639404,411.29425000000003,9.62060094168726,-104.15944356767857,-0.025648356097285774,TRAILING_STOP
GLD,2026-05-19,2026-06-05,411.70574999999997,396.04187023925783,9.755097128182479,-152.80266847021124,-0.03804629826214989,STOP
GLD,2026-06-05,2026-06-10,396.43811022949217,374.3926965789795,9.968817865788228,-219.7667134579224,-0.05560871440374615,STOP
GLD,2026-06-10,2026-06-24,374.76727656555175,365.7370534210205,10.302736025287981,-93.0360053075514,-0.02409554864898067,TRAILING_STOP
GLD,2026-06-24,2026-07-15,366.10297343444824,372.1638311004639,10.436683747164846,63.25525469678485,0.016555062662174436,ML_EXIT
GLD,2026-07-16,2026-08-05,365.14247145080566,389.4451946411133,10.524925429621323,255.78434931471665,0.06655682395352858,ML_EXIT
GLD,2026-08-06,2026-08-07,389.8648484344482,398.2707662200928,10.111538839703098,84.99676417289633,0.021561107187271666,ML_EXIT
GLD,2026-08-13,2026-08-20,399.15947145080565,415.0523797607422,9.953195285593344,158.18522006482783,0.03981593685393814,ML_EXIT
GLD,2026-08-21,2026-08-28,423.5716653442383,408.6855696411133,7.1408512926375085,-106.29939574398557,-0.03514421978870319,TRAILING_STOP
GLD,2026-08-28,2026-09-02,409.0944596557617,402.57860877990726,9.748432560289638,-63.51933283617104,-0.015927497237037347,ML_EXIT
GLD,2026-09-04,2026-09-16,406.97337400817867,391.54412023925784,9.729098343908184,-150.11272729094676,-0.03791219464055351,END_OF_TEST
