Date,Open,High,Low,Close,ATR,Probability,PreviousProbability,PreviousATR,NextAvailableDate
2025-05-23,198.89999389648438,202.3699951171875,197.85000610351562,200.99000549316406,5.777143205915179,0.6648970099228734,,,2025-05-27
2025-05-27,203.08999633789062,206.69000244140625,202.19000244140625,206.02000427246094,5.892858232770648,0.3207928818839075,0.6648970099228734,5.777143205915179,2025-05-28
2025-05-28,205.9199981689453,207.66000366210938,204.41000366210938,204.72000122070312,5.6978574480329245,0.785295779094387,0.3207928818839075,5.892858232770648,2025-05-29
2025-05-29,208.02999877929688,208.80999755859375,204.22999572753906,205.6999969482422,5.623572213309152,0.8235175332347856,0.785295779094387,5.6978574480329245,2025-05-30
2025-05-30,204.83999633789062,205.99000549316406,201.6999969482422,205.00999450683594,5.677858625139509,0.7579544312272873,0.8235175332347856,5.623572213309152,2025-06-02
2025-06-02,204.97999572753906,207.0,202.67999267578125,206.64999389648438,4.657858712332589,0.6893084283402398,0.7579544312272873,5.677858625139509,2025-06-03
2025-06-03,207.11000061035156,208.9499969482422,205.02999877929688,205.7100067138672,4.495001656668527,0.7101814870465978,0.6893084283402398,4.657858712332589,2025-06-04
2025-06-04,206.5500030517578,208.17999267578125,205.17999267578125,207.22999572753906,4.489288330078125,0.7546564766976722,0.7101814870465978,4.495001656668527,2025-06-05
2025-06-05,209.5500030517578,212.80999755859375,207.55999755859375,207.91000366210938,4.346431187220982,0.7535849211114324,0.7546564766976722,4.489288330078125,2025-06-06
2025-06-06,212.39999389648438,213.8699951171875,210.5,213.57000732421875,4.595001220703125,0.742055993802762,0.7535849211114324,4.346431187220982,2025-06-09
2025-06-09,214.75,217.85000610351562,212.8800048828125,216.97999572753906,4.567144121442523,0.7743396137361493,0.742055993802762,4.595001220703125,2025-06-10
2025-06-10,216.77999877929688,217.69000244140625,214.14999389648438,217.61000061035156,4.5692868913922995,0.38852372680817066,0.7743396137361493,4.567144121442523,2025-06-11
2025-06-11,217.41000366210938,218.39999389648438,212.88999938964844,213.1999969482422,4.676428658621652,0.5270103572379652,0.38852372680817066,4.5692868913922995,2025-06-12
2025-06-12,211.77999877929688,213.5800018310547,211.3300018310547,213.24000549316406,4.43714359828404,0.7445990580385593,0.5270103572379652,4.676428658621652,2025-06-13
2025-06-13,209.9600067138672,214.0500030517578,209.6199951171875,212.10000610351562,4.378572736467634,0.3236096224975649,0.7445990580385593,4.43714359828404,2025-06-16
2025-06-16,212.30999755859375,217.05999755859375,211.60000610351562,216.10000610351562,4.361429486955915,0.7114997020959827,0.3236096224975649,4.378572736467634,2025-06-17
2025-06-17,215.1999969482422,217.41000366210938,214.55999755859375,214.82000732421875,4.332858494349888,0.7108256218848563,0.7114997020959827,4.361429486955915,2025-06-18
2025-06-18,215.08999633789062,217.9600067138672,212.33999633789062,212.52000427246094,4.407144818987165,0.5861957679204028,0.7108256218848563,4.332858494349888,2025-06-20
2025-06-20,214.67999267578125,214.88999938964844,208.27000427246094,209.69000244140625,4.573572431291852,0.5753865031689823,0.5861957679204028,4.407144818987165,2025-06-23
2025-06-23,209.7899932861328,210.38999938964844,207.30999755859375,208.47000122070312,4.4850006103515625,0.5522916340421974,0.5753865031689823,4.573572431291852,2025-06-24
2025-06-24,212.13999938964844,214.33999633789062,211.0500030517578,212.77000427246094,4.6242861066545755,0.438445127494105,0.5522916340421974,4.4850006103515625,2025-06-25
2025-06-25,214.6199951171875,216.02999877929688,211.11000061035156,211.99000549316406,4.7614288330078125,0.6895408140713358,0.438445127494105,4.6242861066545755,2025-06-26
2025-06-26,213.1199951171875,218.0399932861328,212.00999450683594,217.1199951171875,4.794999258858817,0.5099888117240279,0.6895408140713358,4.7614288330078125,2025-06-27
2025-06-27,219.9199981689453,223.3000030517578,216.74000549316406,223.3000030517578,4.837856837681362,0.7402264300477269,0.5099888117240279,4.794999258858817,2025-06-30
2025-06-30,223.52000427246094,223.82000732421875,219.1199951171875,219.38999938964844,4.818571908133371,0.7897678905588856,0.7402264300477269,4.837856837681362,2025-07-01
2025-07-01,219.5,221.8800048828125,217.92999267578125,220.4600067138672,4.8478578839983255,0.5344199743168826,0.7897678905588856,4.818571908133371,2025-07-02
2025-07-02,219.72999572753906,221.60000610351562,219.05999755859375,219.9199981689453,4.635716029575893,0.6008964543200989,0.5344199743168826,4.8478578839983255,2025-07-03
2025-07-03,221.82000732421875,224.00999450683594,221.36000061035156,223.41000366210938,4.767144339425223,0.5139564539708402,0.6008964543200989,4.635716029575893,2025-07-07
2025-07-07,223.0,224.2899932861328,222.3699951171875,223.47000122070312,4.587857927594866,0.6514235916135588,0.5139564539708402,4.767144339425223,2025-07-08
2025-07-08,223.9199981689453,224.0,218.42999267578125,219.36000061035156,4.595716203962054,0.7629860873114289,0.6514235916135588,4.587857927594866,2025-07-09
2025-07-09,221.07000732421875,224.2899932861328,220.47000122070312,222.5399932861328,4.744286673409598,0.4536609279622105,0.7629860873114289,4.595716203962054,2025-07-10
2025-07-10,221.5500030517578,222.7899932861328,219.6999969482422,222.25999450683594,4.563571384974888,0.580284296545018,0.4536609279622105,4.744286673409598,2025-07-11
2025-07-11,223.5800018310547,226.67999267578125,222.3699951171875,225.02000427246094,4.406428745814732,0.26197986626361525,0.580284296545018,4.563571384974888,2025-07-14
2025-07-14,225.07000732421875,226.66000366210938,224.24000549316406,225.69000244140625,4.359285627092634,0.33654635605218214,0.26197986626361525,4.406428745814732,2025-07-15
2025-07-15,226.1999969482422,227.27000427246094,225.4600067138672,226.35000610351562,4.069285801478794,0.2795842487355817,0.33654635605218214,4.359285627092634,2025-07-16
2025-07-16,225.8800048828125,226.10000610351562,222.17999267578125,223.19000244140625,4.015715462820871,0.74245771489782,0.2795842487355817,4.069285801478794,2025-07-17
2025-07-17,223.32000732421875,224.5,222.50999450683594,223.8800048828125,3.7257167271205356,0.6033178313581686,0.74245771489782,4.015715462820871,2025-07-18
2025-07-18,225.13999938964844,226.39999389648438,222.97999572753906,226.1300048828125,3.5014310564313615,0.5685548612797142,0.6033178313581686,3.7257167271205356,2025-07-21
2025-07-21,225.83999633789062,229.69000244140625,225.64999389648438,229.3000030517578,3.4542879377092635,0.3809097082942519,0.5685548612797142,3.5014310564313615,2025-07-22
2025-07-22,229.67999267578125,230.0,226.35000610351562,227.47000122070312,3.4328580583844865,0.6064912325097453,0.3809097082942519,3.4542879377092635,2025-07-23
2025-07-23,228.47000122070312,228.7899932861328,227.08999633789062,228.2899932861328,3.372857230050223,0.4841685499678849,0.6064912325097453,3.4328580583844865,2025-07-24
2025-07-24,229.1699981689453,236.0,228.63999938964844,232.22999572753906,3.6314293997628346,0.6012896475306974,0.4841685499678849,3.372857230050223,2025-07-25
2025-07-25,232.22000122070312,232.47999572753906,231.17999267578125,231.44000244140625,3.587144034249442,0.6966185126293535,0.6012896475306974,3.6314293997628346,2025-07-28
2025-07-28,233.35000610351562,234.2899932861328,232.25,232.7899932861328,3.392857142857143,0.3621686424625996,0.6966185126293535,3.587144034249442,2025-07-29
2025-07-29,234.14999389648438,234.72000122070312,230.30999755859375,231.00999450683594,3.355715070452009,0.7424519230857501,0.3621686424625996,3.392857142857143,2025-07-30
2025-07-30,231.63999938964844,231.8000030517578,229.2899932861328,230.19000244140625,3.3142874581473216,0.8269349516076195,0.7424519230857501,3.355715070452009,2025-07-31
2025-07-31,235.77000427246094,236.52999877929688,231.39999389648438,234.11000061035156,3.451430184500558,0.5297254831063337,0.8269349516076195,3.3142874581473216,2025-08-01
2025-08-01,217.2100067138672,220.44000244140625,212.8000030517578,214.75,4.800715855189732,0.7846301816176524,0.5297254831063337,3.451430184500558,2025-08-04
2025-08-04,217.39999389648438,217.44000244140625,211.4199981689453,211.64999389648438,5.10143062046596,0.5541906055582513,0.7846301816176524,4.800715855189732,2025-08-05
2025-08-05,213.0500030517578,216.3000030517578,212.8699951171875,213.75,5.135716029575893,0.7032169203848287,0.5541906055582513,5.10143062046596,2025-08-06
2025-08-06,214.6999969482422,222.64999389648438,213.74000549316406,222.30999755859375,5.630000523158482,0.4640551222914247,0.7032169203848287,5.135716029575893,2025-08-07
2025-08-07,221.0,226.22000122070312,220.82000732421875,223.1300048828125,5.771428789411273,0.532045471369281,0.4640551222914247,5.630000523158482,2025-08-08
2025-08-08,223.13999938964844,223.8000030517578,221.8800048828125,222.69000244140625,5.619999476841518,0.5903620471557686,0.532045471369281,5.771428789411273,2025-08-11
2025-08-11,221.77999877929688,223.0500030517578,220.39999389648438,221.3000030517578,5.5485719953264505,0.7069067536551646,0.5903620471557686,5.619999476841518,2025-08-12
2025-08-12,222.22999572753906,223.5,219.0500030517578,221.47000122070312,5.745000566755023,0.4754288425836761,0.7069067536551646,5.5485719953264505,2025-08-13
2025-08-13,222.0,224.9199981689453,222.0,224.55999755859375,5.440714154924665,0.4009802600089439,0.4754288425836761,5.745000566755023,2025-08-14
2025-08-14,227.39999389648438,233.11000061035156,227.02000427246094,230.97999572753906,5.958571297781808,0.40967915730735993,0.4009802600089439,5.440714154924665,2025-08-15
2025-08-15,232.5800018310547,234.0800018310547,229.80999755859375,231.02999877929688,6.060000828334263,0.3971821817352754,0.40967915730735993,5.958571297781808,2025-08-18
2025-08-18,230.22999572753906,231.91000366210938,228.3300018310547,231.49000549316406,6.000714983258929,0.4296729941086459,0.3971821817352754,6.060000828334263,2025-08-19
2025-08-19,230.08999633789062,230.52999877929688,227.1199951171875,228.00999450683594,6.133572169712612,0.43751151192469634,0.4296729941086459,6.000714983258929,2025-08-20
2025-08-20,227.1199951171875,227.27000427246094,220.9199981689453,223.80999755859375,6.18714359828404,0.7262265203268402,0.43751151192469634,6.133572169712612,2025-08-21
2025-08-21,222.64999389648438,222.77999877929688,220.5,221.9499969482422,4.901429312569754,0.6624481162045063,0.7262265203268402,6.18714359828404,2025-08-22
2025-08-22,222.7899932861328,229.13999938964844,220.82000732421875,228.83999633789062,5.065714154924665,0.3220493915588943,0.6624481162045063,4.901429312569754,2025-08-25
2025-08-25,227.35000610351562,229.60000610351562,227.30999755859375,227.94000244140625,4.897142682756696,0.669797216782526,0.3220493915588943,5.065714154924665,2025-08-26
2025-08-26,227.11000061035156,229.0,226.02000427246094,228.7100067138672,4.47357177734375,0.4318286526472501,0.669797216782526,4.897142682756696,2025-08-27
2025-08-27,228.57000732421875,229.8699951171875,227.80999755859375,229.1199951171875,4.2350006103515625,0.26178286960378105,0.4318286526472501,4.47357177734375,2025-08-28
2025-08-28,229.00999450683594,232.7100067138672,228.02000427246094,231.60000610351562,4.432858058384487,0.38620519217730204,0.26178286960378105,4.2350006103515625,2025-08-29
2025-08-29,231.32000732421875,231.80999755859375,228.16000366210938,229.0,4.504285539899554,0.4638146212574581,0.38620519217730204,4.432858058384487,2025-09-02
2025-09-02,223.52000427246094,226.1699981689453,221.8300018310547,225.33999633789062,4.698571341378348,0.6038848047397646,0.4638146212574581,4.504285539899554,2025-09-03
2025-09-03,225.2100067138672,227.1699981689453,224.36000061035156,225.99000549316406,4.652857099260602,0.34454946695898125,0.6038848047397646,4.698571341378348,2025-09-04
2025-09-04,231.19000244140625,235.77000427246094,230.77999877929688,235.67999267578125,4.740713936941964,0.2612063000940778,0.34454946695898125,4.652857099260602,2025-09-05
2025-09-05,235.19000244140625,236.0,231.92999267578125,232.3300018310547,4.7264284406389505,0.2678796808754784,0.2612063000940778,4.740713936941964,2025-09-08
2025-09-08,234.94000244140625,237.60000610351562,233.75,235.83999633789062,4.847142900739398,0.1463606345628964,0.2678796808754784,4.7264284406389505,2025-09-09
2025-09-09,236.36000061035156,238.85000610351562,235.0800018310547,238.24000549316406,4.804285321916852,0.2111396820708168,0.1463606345628964,4.847142900739398,2025-09-10
2025-09-10,237.52000427246094,237.67999267578125,229.10000610351562,230.3300018310547,4.950714111328125,0.3117335182982516,0.2111396820708168,4.804285321916852,2025-09-11
2025-09-11,231.49000549316406,231.52999877929688,229.33999633789062,229.9499969482422,4.870714460100446,0.2083386217065477,0.3117335182982516,4.950714111328125,2025-09-12
2025-09-12,230.35000610351562,230.7899932861328,226.2899932861328,228.14999389648438,4.5978578839983255,0.20951302054745216,0.2083386217065477,4.870714460100446,2025-09-15
2025-09-15,230.6300048828125,233.72999572753906,230.32000732421875,231.42999267578125,4.832857404436384,0.1480656244567777,0.20951302054745216,4.5978578839983255,2025-09-16
2025-09-16,232.94000244140625,235.89999389648438,232.22999572753906,234.0500030517578,4.939286368233817,0.19779101770622373,0.1480656244567777,4.832857404436384,2025-09-17
2025-09-17,233.77000427246094,234.3000030517578,228.7100067138672,231.6199951171875,5.191429138183594,0.24168703000532776,0.19779101770622373,4.939286368233817,2025-09-18
2025-09-18,232.5,233.47999572753906,228.7899932861328,231.22999572753906,5.191429138183594,0.306627858794805,0.24168703000532776,5.191429138183594,2025-09-19
2025-09-19,232.3699951171875,234.16000366210938,229.6999969482422,231.47999572753906,5.249287196568081,0.26384908422934417,0.306627858794805,5.191429138183594,2025-09-22
2025-09-22,230.55999755859375,230.57000732421875,227.50999450683594,227.6300048828125,5.020715985979352,0.4477273941816639,0.26384908422934417,5.249287196568081,2025-09-23
2025-09-23,227.8300018310547,227.86000061035156,220.07000732421875,220.7100067138672,5.376429966517857,0.3108972987801905,0.4477273941816639,5.020715985979352,2025-09-24
2025-09-24,224.14999389648438,224.55999755859375,219.4499969482422,220.2100067138672,5.0428586687360495,0.36949180384105107,0.3108972987801905,5.376429966517857,2025-09-25
2025-09-25,220.05999755859375,220.6699981689453,216.47000122070312,218.14999389648438,5.052143641880581,0.44288203122255093,0.36949180384105107,5.0428586687360495,2025-09-26
2025-09-26,219.0800018310547,221.0500030517578,218.02000427246094,219.77999877929688,4.892143249511719,0.4808049944352246,0.44288203122255093,5.052143641880581,2025-09-29
2025-09-29,220.0800018310547,222.60000610351562,219.3000030517578,222.1699981689453,4.85857173374721,0.36661964872069236,0.4808049944352246,4.892143249511719,2025-09-30
2025-09-30,222.02999877929688,222.24000549316406,217.88999938964844,219.57000732421875,4.516429356166294,0.3519664666525671,0.36661964872069236,4.85857173374721,2025-10-01
2025-10-01,217.36000061035156,222.14999389648438,216.61000061035156,220.6300048828125,4.755714416503906,0.44924636077775126,0.3519664666525671,4.516429356166294,2025-10-02
2025-10-02,221.00999450683594,222.80999755859375,218.9499969482422,222.41000366210938,4.710000174386161,0.5749714402014147,0.44924636077775126,4.755714416503906,2025-10-03
2025-10-03,223.44000244140625,224.1999969482422,219.33999633789062,219.50999450683594,4.658571515764509,0.37885812902050103,0.5749714402014147,4.710000174386161,2025-10-06
2025-10-06,221.0,221.72999572753906,216.02999877929688,220.89999389648438,4.746428353445871,0.3210424018020171,0.37885812902050103,4.658571515764509,2025-10-07
2025-10-07,220.8800048828125,222.88999938964844,220.1699981689453,221.77999877929688,4.541428702218192,0.4286164783806212,0.3210424018020171,4.746428353445871,2025-10-08
2025-10-08,222.9199981689453,226.72999572753906,221.19000244140625,225.22000122070312,4.602142333984375,0.4802859301013774,0.4286164783806212,4.541428702218192,2025-10-09
2025-10-09,225.0,228.2100067138672,221.75,227.74000549316406,4.744999476841518,0.5822012298255955,0.4802859301013774,4.602142333984375,2025-10-10
2025-10-10,226.2100067138672,228.25,216.0,216.3699951171875,5.336427961077009,0.4462184289772387,0.5822012298255955,4.744999476841518,2025-10-13
2025-10-13,217.6999969482422,220.67999267578125,217.0399932861328,220.07000732421875,5.087856837681362,0.47215947892507354,0.4462184289772387,5.336427961077009,2025-10-14
2025-10-14,215.55999755859375,219.32000732421875,212.60000610351562,216.38999938964844,5.256428309849331,0.6577743679870246,0.47215947892507354,5.087856837681362,2025-10-15
2025-10-15,216.6199951171875,217.7100067138672,212.66000366210938,215.57000732421875,5.317143031529018,0.5961567859781417,0.6577743679870246,5.256428309849331,2025-10-16
2025-10-16,215.6699981689453,218.58999633789062,212.80999755859375,214.47000122070312,5.513571602957589,0.6257932846791716,0.5961567859781417,5.317143031529018,2025-10-17
2025-10-17,214.55999755859375,214.8000030517578,211.02999877929688,213.0399932861328,5.547143118722098,0.5661949607508309,0.6257932846791716,5.513571602957589,2025-10-20
2025-10-20,213.8800048828125,216.69000244140625,213.58999633789062,216.47999572753906,5.4971433367047995,0.15343750076870136,0.5661949607508309,5.547143118722098,2025-10-21
2025-10-21,218.42999267578125,223.32000732421875,217.99000549316406,222.02999877929688,5.590001787458148,0.42100626063290436,0.15343750076870136,5.4971433367047995,2025-10-22
2025-10-22,219.3000030517578,220.00999450683594,216.52000427246094,217.9499969482422,5.707858494349888,0.3915974778341462,0.42100626063290436,5.590001787458148,2025-10-23
2025-10-23,219.0,221.3000030517578,218.17999267578125,221.08999633789062,5.600001743861607,0.3563872903647846,0.3915974778341462,5.707858494349888,2025-10-24
2025-10-24,221.97000122070312,225.39999389648438,221.89999389648438,224.2100067138672,5.500716073172433,0.3982145737287423,0.3563872903647846,5.600001743861607,2025-10-27
2025-10-27,227.66000366210938,228.39999389648438,225.5399932861328,226.97000122070312,5.605715070452009,0.4352363556814036,0.3982145737287423,5.500716073172433,2025-10-28
2025-10-28,228.22000122070312,231.49000549316406,226.2100067138672,229.25,5.587144034249442,0.4647239669686176,0.4352363556814036,5.605715070452009,2025-10-29
2025-10-29,231.6699981689453,232.82000732421875,227.75999450683594,230.3000030517578,5.487144470214844,0.7211272767796792,0.4647239669686176,5.587144034249442,2025-10-30
2025-10-30,227.05999755859375,228.44000244140625,222.75,222.86000061035156,5.151430402483259,0.7708235202710464,0.7211272767796792,5.487144470214844,2025-10-31
2025-10-31,250.10000610351562,250.5,243.97999572753906,244.22000122070312,6.8178591047014505,0.38641173521925265,0.7708235202710464,5.151430402483259,2025-11-03
2025-11-03,255.36000061035156,258.6000061035156,252.89999389648438,254.0,7.311430794852121,0.1892131780070717,0.38641173521925265,6.8178591047014505,2025-11-04
2025-11-04,250.3800048828125,257.010009765625,248.66000366210938,249.32000732421875,7.547145298549107,0.151738103087508,0.1892131780070717,7.311430794852121,2025-11-05
2025-11-05,249.02999877929688,251.0,246.16000366210938,250.1999969482422,7.480002267020089,0.14381140924995797,0.151738103087508,7.547145298549107,2025-11-06
2025-11-06,249.16000366210938,250.3800048828125,242.1699981689453,243.0399932861328,7.797145298549107,0.24738181067782483,0.14381140924995797,7.480002267020089,2025-11-07
2025-11-07,242.89999389648438,244.89999389648438,238.49000549316406,244.41000366210938,7.994286673409598,0.2560393985868072,0.24738181067782483,7.797145298549107,2025-11-10
2025-11-10,248.33999633789062,251.75,245.58999633789062,248.39999389648438,8.02999986921038,0.16820838888336617,0.2560393985868072,7.994286673409598,2025-11-11
2025-11-11,248.41000366210938,249.75,247.22999572753906,249.10000610351562,7.816429138183594,0.17365587908476088,0.16820838888336617,8.02999986921038,2025-11-12
2025-11-12,250.24000549316406,250.3699951171875,243.75,244.1999969482422,8.049999782017299,0.3992704212617107,0.17365587908476088,7.816429138183594,2025-11-13
2025-11-13,243.0500030517578,243.75,236.5,237.5800018310547,8.292142595563616,0.31646772094045666,0.3992704212617107,8.049999782017299,2025-11-14
2025-11-14,235.05999755859375,238.72999572753906,232.88999938964844,234.69000244140625,8.410000392368861,0.3548219224011609,0.31646772094045666,8.292142595563616,2025-11-17
2025-11-17,233.25,234.60000610351562,229.19000244140625,232.8699951171875,8.425714765276227,0.3549473177876359,0.3548219224011609,8.410000392368861,2025-11-18
2025-11-18,228.10000610351562,230.1999969482422,222.4199981689453,222.5500030517578,8.810713631766182,0.20697562424181512,0.3549473177876359,8.425714765276227,2025-11-19
2025-11-19,223.74000549316406,223.74000549316406,218.52000427246094,222.69000244140625,8.644284929547991,0.3292021672569702,0.20697562424181512,8.810713631766182,2025-11-20
2025-11-20,227.0500030517578,227.41000366210938,216.74000549316406,217.13999938964844,7.432141985212054,0.41362522698389004,0.3292021672569702,8.644284929547991,2025-11-21
2025-11-21,216.35000610351562,222.2100067138672,215.17999267578125,220.69000244140625,6.907142639160156,0.2848487221361508,0.41362522698389004,7.432141985212054,2025-11-24
2025-11-24,222.55999755859375,227.3300018310547,222.27000427246094,226.27999877929688,6.784999302455357,0.18710746555432056,0.2848487221361508,6.907142639160156,2025-11-25
2025-11-25,226.3800048828125,230.52000427246094,223.8000030517578,229.6699981689453,6.919285365513393,0.33085392023598464,0.18710746555432056,6.784999302455357,2025-11-26
2025-11-26,230.74000549316406,231.75,228.77000427246094,229.16000366210938,6.545713152204241,0.4370199611123459,0.33085392023598464,6.919285365513393,2025-11-28
2025-11-28,231.24000549316406,233.2899932861328,230.22000122070312,233.22000122070312,6.382856096540179,0.5168956620088703,0.4370199611123459,6.545713152204241,2025-12-01
2025-12-01,233.22000122070312,235.8000030517578,232.25,233.8800048828125,6.112142290387835,0.46020208637371357,0.5168956620088703,6.382856096540179,2025-12-02
2025-12-02,235.00999450683594,238.97000122070312,233.5500030517578,234.4199981689453,6.31928471156529,0.40937995430008695,0.46020208637371357,6.112142290387835,2025-12-03
2025-12-03,233.35000610351562,233.3800048828125,230.61000061035156,232.3800048828125,6.118570600237165,0.3018297594890251,0.40937995430008695,6.31928471156529,2025-12-04
2025-12-04,232.77000427246094,233.5,226.8000030517578,229.11000061035156,6.047142028808594,0.21771203980713547,0.3018297594890251,6.118570600237165,2025-12-05
2025-12-05,230.32000732421875,231.24000549316406,228.5500030517578,229.52999877929688,5.822142464773996,0.17638163068842705,0.21771203980713547,6.047142028808594,2025-12-08
2025-12-08,229.58999633789062,230.8300018310547,226.27000427246094,226.88999938964844,5.754999433244977,0.1441549886680835,0.17638163068842705,5.822142464773996,2025-12-09
2025-12-09,226.83999633789062,228.57000732421875,225.11000061035156,227.9199981689453,5.255714416503906,0.1806737401183199,0.1441549886680835,5.754999433244977,2025-12-10
2025-12-10,228.80999755859375,232.4199981689453,228.4600067138672,231.77999877929688,5.204285757882254,0.24302888658027846,0.1806737401183199,5.255714416503906,2025-12-11
2025-12-11,230.7100067138672,232.11000061035156,228.69000244140625,230.27999877929688,4.686428615025112,0.40530848011827936,0.24302888658027846,5.204285757882254,2025-12-12
2025-12-12,229.8699951171875,230.0800018310547,225.1199951171875,226.19000244140625,4.5528564453125,0.4125258039581046,0.40530848011827936,4.686428615025112,2025-12-15
2025-12-15,227.92999267578125,227.92999267578125,221.5,222.5399932861328,4.537855965750558,0.3514470925547477,0.4125258039581046,4.5528564453125,2025-12-16
2025-12-16,223.0399932861328,223.66000366210938,221.1300048828125,222.55999755859375,4.238570077078683,0.3804930691486999,0.3514470925547477,4.537855965750558,2025-12-17
2025-12-17,224.66000366210938,225.19000244140625,220.99000549316406,221.27000427246094,4.325713021414621,0.4523882867364934,0.3804930691486999,4.238570077078683,2025-12-18
2025-12-18,225.7100067138672,229.22999572753906,224.41000366210938,226.75999450683594,4.599284580775669,0.41342027435978973,0.4523882867364934,4.325713021414621,2025-12-19
2025-12-19,226.75999450683594,229.1300048828125,225.5800018310547,227.35000610351562,4.599284580775669,0.5090778648798281,0.41342027435978973,4.599284580775669,2025-12-22
2025-12-22,228.61000061035156,229.47999572753906,226.7100067138672,228.42999267578125,4.409998212541852,0.36426567331859655,0.5090778648798281,4.599284580775669,2025-12-23
2025-12-23,229.05999755859375,232.4499969482422,228.72999572753906,232.13999938964844,4.424998692103794,0.5275247811822332,0.36426567331859655,4.409998212541852,2025-12-24
2025-12-24,232.1300048828125,232.9499969482422,231.3300018310547,232.3800048828125,4.062141418457031,0.43971957059677574,0.5275247811822332,4.424998692103794,2025-12-26
2025-12-26,232.0399932861328,232.99000549316406,231.17999267578125,232.52000427246094,3.9992850167410716,0.42026458367667635,0.43971957059677574,4.062141418457031,2025-12-29
2025-12-29,231.94000244140625,232.60000610351562,230.77000427246094,232.07000732421875,3.804285321916853,0.38580075330833513,0.42026458367667635,3.9992850167410716,2025-12-30
2025-12-30,231.2100067138672,232.77000427246094,230.1999969482422,232.52999877929688,3.7407139369419644,0.20049222163535027,0.38580075330833513,3.804285321916853,2025-12-31
2025-12-31,232.91000366210938,232.99000549316406,230.1199951171875,230.82000732421875,3.624286106654576,0.16776464568513813,0.20049222163535027,3.7407139369419644,2026-01-02
2026-01-02,231.33999633789062,235.4600067138672,224.6999969482422,226.5,4.148572649274554,0.4028449312974083,0.16776464568513813,3.624286106654576,2026-01-05
2026-01-05,228.83999633789062,234.0,227.17999267578125,233.05999755859375,4.315715244838169,0.2877623724873126,0.4028449312974083,4.148572649274554,2026-01-06
2026-01-06,232.10000610351562,243.17999267578125,232.07000732421875,240.92999267578125,4.650000435965402,0.20835755411255122,0.2877623724873126,4.315715244838169,2026-01-07
2026-01-07,239.61000061035156,245.2899932861328,239.52000427246094,241.55999755859375,4.881428309849331,0.16205911260360684,0.20835755411255122,4.650000435965402,2026-01-08
2026-01-08,243.05999755859375,246.41000366210938,241.8800048828125,246.2899932861328,4.927857535226004,0.20068279925878083,0.16205911260360684,4.881428309849331,2026-01-09
2026-01-09,244.57000732421875,247.86000061035156,242.24000549316406,247.3800048828125,4.760714939662388,0.16573748662687793,0.20068279925878083,4.927857535226004,2026-01-12
2026-01-12,246.72999572753906,248.94000244140625,245.9600067138672,246.47000122070312,4.720000130789621,0.1789129656275219,0.16573748662687793,4.760714939662388,2026-01-13
2026-01-13,246.52999877929688,247.66000366210938,240.25,242.60000610351562,5.051429748535156,0.5822058248675616,0.1789129656275219,4.720000130789621,2026-01-14
2026-01-14,241.14999389648438,241.27999877929688,236.22000122070312,236.64999389648438,5.220001220703125,0.4905062580727584,0.5822058248675616,5.051429748535156,2026-01-15
2026-01-15,239.30999755859375,240.64999389648438,236.6300048828125,238.17999267578125,5.391429356166294,0.39018686683776665,0.4905062580727584,5.220001220703125,2026-01-16
2026-01-16,239.08999633789062,239.57000732421875,236.41000366210938,239.1199951171875,5.487857273646763,0.39122570576661664,0.39018686683776665,5.391429356166294,2026-01-20
2026-01-20,233.75999450683594,235.08999633789062,229.33999633789062,231.0,6.055714198521206,0.46388012239873766,0.39122570576661664,5.487857273646763,2026-01-21
2026-01-21,231.08999633789062,232.3000030517578,226.8800048828125,231.30999755859375,6.259284973144531,0.27916261446984225,0.46388012239873766,6.055714198521206,2026-01-22
2026-01-22,234.0500030517578,235.72000122070312,230.89999389648438,234.33999633789062,6.398570469447544,0.3488322128920631,0.27916261446984225,6.259284973144531,2026-01-23
2026-01-23,234.9600067138672,240.4499969482422,234.57000732421875,239.16000366210938,6.066426958356585,0.4543948614454754,0.3488322128920631,6.398570469447544,2026-01-26
2026-01-26,239.97999572753906,240.9499969482422,237.5399932861328,238.4199981689453,5.774284362792969,0.27367576776013675,0.4543948614454754,6.066426958356585,2026-01-27
2026-01-27,239.69000244140625,244.8800048828125,238.0800018310547,244.67999267578125,5.466428484235491,0.5348934409413731,0.27367576776013675,5.774284362792969,2026-01-28
2026-01-28,246.3699951171875,247.77999877929688,241.52999877929688,243.00999450683594,5.500714983258929,0.30344921945579545,0.5348934409413731,5.466428484235491,2026-01-29
2026-01-29,242.82000732421875,243.0,236.74000549316406,241.72999572753906,5.602142333984375,0.290871040773734,0.30344921945579545,5.500714983258929,2026-01-30
2026-01-30,239.88999938964844,243.32000732421875,237.63999938964844,239.3000030517578,5.606428963797433,0.399924622996918,0.290871040773734,5.602142333984375,2026-02-02
2026-02-02,238.30999755859375,245.6300048828125,238.1699981689453,242.9600067138672,5.926429748535156,0.2958436196433285,0.399924622996918,5.606428963797433,2026-02-03
2026-02-03,244.97999572753906,246.35000610351562,235.4499969482422,238.6199951171875,6.175715855189732,0.30960463134812194,0.2958436196433285,5.926429748535156,2026-02-04
2026-02-04,238.86000061035156,238.86000061035156,231.82000732421875,232.99000549316406,6.2228578839983255,0.42411371107329127,0.30960463134812194,6.175715855189732,2026-02-05
2026-02-05,224.91000366210938,226.30999755859375,220.3800048828125,222.69000244140625,6.836430140904018,0.5119514153048937,0.42411371107329127,6.2228578839983255,2026-02-06
2026-02-06,202.6999969482422,211.44000244140625,200.30999755859375,210.32000732421875,8.209287370954241,0.5988850536425074,0.5119514153048937,6.836430140904018,2026-02-09
2026-02-09,208.97000122070312,212.80999755859375,203.35000610351562,208.72000122070312,8.186429704938616,0.6157163596849575,0.5988850536425074,8.209287370954241,2026-02-10
2026-02-10,208.8000030517578,212.64999389648438,206.41000366210938,206.9600067138672,8.245000566755023,0.4742976711940572,0.6157163596849575,8.186429704938616,2026-02-11
2026-02-11,208.05999755859375,208.57000732421875,202.49000549316406,204.0800018310547,8.335000174386161,0.5821568553280542,0.4742976711940572,8.245000566755023,2026-02-12
2026-02-12,203.9600067138672,203.9600067138672,197.55999755859375,199.60000610351562,8.364286150251116,0.5652317890301778,0.5821568553280542,8.335000174386161,2026-02-13
2026-02-13,198.8800048828125,201.16000366210938,197.27999877929688,198.7899932861328,8.397857666015625,0.44587182098573336,0.5652317890301778,8.364286150251116,2026-02-17
2026-02-17,198.1300048828125,201.74000549316406,196.0,201.14999389648438,8.3221435546875,0.45451963623721686,0.44587182098573336,8.397857666015625,2026-02-18
2026-02-18,202.07000732421875,206.86000061035156,201.50999450683594,204.7899932861328,8.283572605678014,0.4165445340224312,0.45451963623721686,8.3221435546875,2026-02-19
2026-02-19,203.8000030517578,205.63999938964844,202.80999755859375,204.86000061035156,8.037859235491071,0.5591494611139085,0.4165445340224312,8.283572605678014,2026-02-20
2026-02-20,204.75999450683594,211.1699981689453,203.75,210.11000061035156,8.162144252232142,0.5458416289590855,0.5591494611139085,8.037859235491071,2026-02-23
2026-02-23,208.10000610351562,208.42999267578125,203.11000061035156,205.27000427246094,8.129286629813057,0.6692281108586332,0.5458416289590855,8.162144252232142,2026-02-24
2026-02-24,205.47000122070312,210.36000061035156,203.25,208.55999755859375,7.85857173374721,0.5334416625415606,0.6692281108586332,8.129286629813057,2026-02-25
2026-02-25,210.4600067138672,211.58999633789062,208.92999267578125,210.63999938964844,7.5721435546875,0.49373271552068476,0.5334416625415606,7.85857173374721,2026-02-26
2026-02-26,210.72999572753906,211.0500030517578,205.35000610351562,207.9199981689453,7.078571864536831,0.5028445306156861,0.49373271552068476,7.5721435546875,2026-02-27
2026-02-27,206.8300018310547,210.3300018310547,205.1999969482422,210.0,5.846429007393973,0.47220718287985086,0.5028445306156861,7.078571864536831,2026-03-02
2026-03-02,204.5500030517578,209.72999572753906,203.4600067138672,208.38999938964844,5.637857709612165,0.4011353238895996,0.47220718287985086,5.846429007393973,2026-03-03
2026-03-03,203.10000610351562,209.17999267578125,202.47999572753906,208.72999572753906,5.67071533203125,0.3924878257912306,0.4011353238895996,5.637857709612165,2026-03-04
2026-03-04,210.47000122070312,217.5399932861328,210.14999389648438,216.82000732421875,5.865715026855469,0.5013550560643462,0.3924878257912306,5.67071533203125,2026-03-05
2026-03-05,215.97999572753906,220.47000122070312,215.58999633789062,218.94000244140625,5.748572213309152,0.4048023825905466,0.5013550560643462,5.865715026855469,2026-03-06
2026-03-06,214.99000549316406,217.32000732421875,212.52999877929688,213.2100067138672,5.929286411830357,0.707453456481926,0.4048023825905466,5.748572213309152,2026-03-09
2026-03-09,210.4499969482422,213.82000732421875,207.11000061035156,213.49000549316406,5.998572213309152,0.46260944710419505,0.707453456481926,5.929286411830357,2026-03-10
2026-03-10,214.19000244140625,215.64999389648438,212.42999267578125,214.3300018310547,5.820714678083148,0.45425706858444803,0.46260944710419505,5.998572213309152,2026-03-11
2026-03-11,215.7100067138672,217.0,211.35000610351562,212.64999389648438,6.022142682756696,0.4803327782586549,0.45425706858444803,5.820714678083148,2026-03-12
2026-03-12,210.38999938964844,211.7100067138672,208.14999389648438,209.52999877929688,5.813571384974888,0.5219256482149522,0.4803327782586549,6.022142682756696,2026-03-13
2026-03-13,209.61000061035156,210.55999755859375,206.22000122070312,207.6699981689453,5.623571123395648,0.45514377956106133,0.5219256482149522,5.813571384974888,2026-03-16
2026-03-16,208.35000610351562,212.72000122070312,207.4499969482422,211.74000549316406,5.492142813546317,0.4571237304575963,0.45514377956106133,5.623571123395648,2026-03-17
2026-03-17,212.82000732421875,215.6999969482422,212.42999267578125,215.1999969482422,5.558570861816406,0.66467863124372,0.4571237304575963,5.492142813546317,2026-03-18
2026-03-18,213.92999267578125,215.13999938964844,208.8300018310547,209.8699951171875,5.606427873883929,0.692287661984314,0.66467863124372,5.558570861816406,2026-03-19
2026-03-19,207.05999755859375,209.1199951171875,206.0500030517578,208.75999450683594,5.512855529785156,0.5569083910434083,0.692287661984314,5.606427873883929,2026-03-20
2026-03-20,207.39999389648438,207.5399932861328,204.32000732421875,205.3699951171875,5.362855093819754,0.4557605443082191,0.5569083910434083,5.512855529785156,2026-03-23
2026-03-23,209.7899932861328,212.8000030517578,209.50999450683594,210.13999938964844,5.414998735700335,0.4165613889633258,0.4557605443082191,5.362855093819754,2026-03-24
2026-03-24,207.9499969482422,209.35000610351562,206.63999938964844,207.24000549316406,5.035713195800781,0.5516820287660886,0.4165613889633258,5.414998735700335,2026-03-25
2026-03-25,211.55999755859375,213.07000732421875,209.89999389648438,211.7100067138672,5.103570120675223,0.5993273675305123,0.5516820287660886,5.035713195800781,2026-03-26
2026-03-26,210.61000061035156,212.88999938964844,207.1199951171875,207.5399932861328,5.057855878557477,0.7294272054106433,0.5993273675305123,5.103570120675223,2026-03-27
2026-03-27,206.4600067138672,206.60000610351562,199.13999938964844,199.33999633789062,5.178569248744419,0.5008205809134231,0.7294272054106433,5.057855878557477,2026-03-30
2026-03-30,201.47999572753906,203.8000030517578,199.97999572753906,200.9499969482422,5.26714106968471,0.4405189417790402,0.5008205809134231,5.178569248744419,2026-03-31
2026-03-31,204.85000610351562,210.27999877929688,204.13999938964844,208.27000427246094,5.529998779296875,0.5374315510742008,0.4405189417790402,5.26714106968471,2026-04-01
2026-04-01,210.44000244140625,213.5800018310547,208.19000244140625,210.57000732421875,5.593570164271763,0.49266420708252684,0.5374315510742008,5.529998779296875,2026-04-02
2026-04-02,206.5399932861328,212.2100067138672,204.89999389648438,209.77000427246094,5.805714198521206,0.669346389479426,0.49266420708252684,5.593570164271763,2026-04-06
2026-04-06,209.8000030517578,212.9499969482422,209.58999633789062,212.7899932861328,5.669285365513393,0.5948271618228179,0.669346389479426,5.805714198521206,2026-04-07
2026-04-07,211.24000549316406,213.97000122070312,209.0800018310547,213.77000427246094,5.735714503696987,0.549404792896963,0.5948271618228179,5.669285365513393,2026-04-08
2026-04-08,223.7899932861328,226.10000610351562,219.6199951171875,221.25,6.161429268973214,0.6479511225736584,0.549404792896963,5.735714503696987,2026-04-09
2026-04-09,225.22999572753906,233.8000030517578,223.27000427246094,233.64999389648438,6.785001482282366,0.6622872616208174,0.6479511225736584,6.161429268973214,2026-04-10
2026-04-10,235.3000030517578,240.42999267578125,235.2100067138672,238.3800048828125,6.952145167759487,0.43937021837611523,0.6622872616208174,6.785001482282366,2026-04-13
2026-04-13,237.4499969482422,240.0,235.75,239.88999938964844,6.725001743861607,0.40346902570294657,0.43937021837611523,6.952145167759487,2026-04-14
2026-04-14,241.77999877929688,252.17999267578125,241.77999877929688,249.02000427246094,7.352858407156808,0.5382506857109819,0.40346902570294657,6.725001743861607,2026-04-15
2026-04-15,249.25,250.44000244140625,247.1999969482422,248.5,7.1678586687360495,0.38874872896114226,0.5382506857109819,7.352858407156808,2026-04-16
2026-04-16,248.50999450683594,250.0,244.1999969482422,249.6999969482422,7.1700014386858255,0.18998349310239707,0.38874872896114226,7.1678586687360495,2026-04-17
2026-04-17,254.99000549316406,256.17999267578125,250.11000061035156,250.55999755859375,7.032858712332589,0.18450984666969963,0.18998349310239707,7.1700014386858255,2026-04-20
2026-04-20,249.19000244140625,250.17999267578125,245.3699951171875,248.27999877929688,7.085001264299665,0.24240803192565488,0.18450984666969963,7.032858712332589,2026-04-21
2026-04-21,255.08999633789062,255.08999633789062,249.10000610351562,249.91000366210938,6.905000959123884,0.3426562098319605,0.24240803192565488,7.085001264299665,2026-04-22
2026-04-22,252.44000244140625,255.94000244140625,250.3300018310547,255.36000061035156,6.950715201241629,0.15448825755169285,0.3426562098319605,6.905000959123884,2026-04-23
2026-04-23,255.38999938964844,258.7900085449219,253.07000732421875,255.0800018310547,6.8371429443359375,0.19155038226653387,0.15448825755169285,6.950715201241629,2026-04-24
2026-04-24,259.9800109863281,264.5,257.69000244140625,263.989990234375,7.269999912806919,0.3160896360364946,0.19155038226653387,6.8371429443359375,2026-04-27
2026-04-27,263.4599914550781,264.1499938964844,260.3399963378906,261.1199951171875,7.192856924874442,0.24172092741172527,0.3160896360364946,7.269999912806919,2026-04-28
2026-04-28,258.3900146484375,261.0299987792969,256.6300048828125,259.70001220703125,6.632856096540179,0.22463536153053562,0.24172092741172527,7.192856924874442,2026-04-29
2026-04-29,257.989990234375,265.9100036621094,257.70001220703125,263.0400085449219,6.322855268205915,0.16757703034798402,0.22463536153053562,6.632856096540179,2026-04-30
2026-04-30,273.1700134277344,273.8800048828125,256.1600036621094,265.05999755859375,7.104284014020648,0.19073955290244413,0.16757703034798402,6.322855268205915,2026-05-01
2026-05-01,265.5799865722656,273.32000732421875,262.739990234375,268.260009765625,7.556428091866629,0.17118880876906173,0.19073955290244413,7.104284014020648,2026-05-04
2026-05-04,268.79998779296875,276.1000061035156,268.79998779296875,272.04998779296875,7.2385711669921875,0.21349051584073261,0.17118880876906173,7.556428091866629,2026-05-05
2026-05-05,276.0799865722656,278.55999755859375,272.3800048828125,273.54998779296875,7.472142900739398,0.20427711290166561,0.21349051584073261,7.2385711669921875,2026-05-06
2026-05-06,272.8900146484375,277.79998779296875,272.2099914550781,274.989990234375,7.457142421177456,0.1953525733999599,0.20427711290166561,7.472142900739398,2026-05-07
2026-05-07,275.0199890136719,276.6300048828125,270.489990234375,271.1700134277344,7.432858058384487,0.22227901325649782,0.1953525733999599,7.457142421177456,2026-05-08
2026-05-08,271.6300048828125,274.0,269.95001220703125,272.67999267578125,7.3514284406389505,0.6760643777574541,0.22227901325649782,7.432858058384487,2026-05-11
2026-05-11,269.8399963378906,273.6300048828125,268.4800109863281,268.989990234375,7.232856750488281,0.6673767018199847,0.6760643777574541,7.3514284406389505,2026-05-12
2026-05-12,266.7099914550781,267.6499938964844,262.6300048828125,265.82000732421875,7.2564272199358255,0.5563420173946497,0.6673767018199847,7.232856750488281,2026-05-13
2026-05-13,264.42999267578125,270.7200012207031,263.20001220703125,270.1300048828125,7.3849977765764505,0.6496471699356878,0.5563420173946497,7.2564272199358255,2026-05-14
2026-05-14,269.1499938964844,270.7799987792969,266.6300048828125,267.2200012207031,7.008568899972098,0.5768587647648695,0.6496471699356878,7.3849977765764505,2026-05-15
2026-05-15,262.5,264.3599853515625,260.8900146484375,264.1400146484375,7.188568115234375,0.5570451301022232,0.5768587647648695,7.008568899972098,2026-05-18
2026-05-18,263.8699951171875,268.8500061035156,262.5299987792969,264.8599853515625,7.319283621651786,0.5855695277699712,0.5570451301022232,7.188568115234375,2026-05-19
2026-05-19,262.0400085449219,262.25,255.19000244140625,259.3399963378906,7.4235687255859375,0.4060135997547564,0.5855695277699712,7.319283621651786,2026-05-20
2026-05-20,260.04998779296875,265.5799865722656,259.5299987792969,265.010009765625,6.603567940848214,0.40492015867922676,0.4060135997547564,7.4235687255859375,2026-05-21
2026-05-21,263.5,269.489990234375,261.3699951171875,268.4599914550781,6.427852085658482,0.5984406566758694,0.40492015867922676,6.603567940848214,2026-05-22
2026-05-22,268.6600036621094,269.7900085449219,266.239990234375,266.32000732421875,6.121425083705357,0.4019346695099868,0.5984406566758694,6.427852085658482,2026-05-26
2026-05-26,267.94000244140625,269.29998779296875,262.07000732421875,265.2900085449219,6.1728515625,0.5037014546704915,0.4019346695099868,6.121425083705357,2026-05-27
2026-05-27,266.1499938964844,272.4100036621094,265.70001220703125,271.8500061035156,6.282137189592634,0.22194880490658617,0.5037014546704915,6.1728515625,2026-05-28
2026-05-28,272.2699890136719,274.5,267.44000244140625,274.0,6.347850254603794,0.36723561841097013,0.22194880490658617,6.282137189592634,2026-05-29
2026-05-29,271.2900085449219,274.75,269.6400146484375,270.6400146484375,6.423564365931919,0.28844426671843176,0.36723561841097013,6.347850254603794,2026-06-01
2026-06-01,266.2900085449219,266.6300048828125,260.70001220703125,261.260009765625,6.765707833426339,0.49287864181568847,0.28844426671843176,6.423564365931919,2026-06-02
2026-06-02,257.1600036621094,261.20001220703125,254.3699951171875,256.5199890136719,6.803567068917411,0.5552115509438781,0.49287864181568847,6.765707833426339,2026-06-03
2026-06-03,254.6999969482422,257.0899963378906,247.7100067138672,250.02000427246094,6.936424255371094,0.49141888306631804,0.5552115509438781,6.803567068917411,2026-06-04
2026-06-04,253.1199951171875,255.8300018310547,251.75,253.7899932861328,7.054995945521763,0.5974756273283867,0.49141888306631804,6.936424255371094,2026-06-05
2026-06-05,254.25999450683594,256.3800048828125,245.77999877929688,246.02999877929688,7.3599973406110495,0.41788640152209977,0.5974756273283867,7.054995945521763,2026-06-08
2026-06-08,246.67999267578125,249.4199981689453,243.36000061035156,245.22000122070312,7.341425214494977,0.3306282054888791,0.41788640152209977,7.3599973406110495,2026-06-09
2026-06-09,247.72999572753906,250.42999267578125,240.39999389648438,244.19000244140625,7.367140633719308,0.2934335749412104,0.3306282054888791,7.341425214494977,2026-06-10
2026-06-10,243.61000061035156,244.07000732421875,237.4499969482422,238.0,7.402856009347098,0.3663890378579772,0.2934335749412104,7.367140633719308,2026-06-11
2026-06-11,237.92999267578125,242.13999938964844,235.17999267578125,241.50999450683594,7.319999694824219,0.32775862472968986,0.3663890378579772,7.402856009347098,2026-06-12
2026-06-12,243.2100067138672,243.36000061035156,233.58999633789062,238.5500030517578,7.764284406389509,0.3463495789552529,0.32775862472968986,7.319999694824219,2026-06-15
2026-06-15,245.02000427246094,247.80999755859375,244.72999572753906,246.02000427246094,7.909285409109933,0.384230339663948,0.3463495789552529,7.764284406389509,2026-06-16
2026-06-16,248.0,249.50999450683594,245.4499969482422,246.0,7.690714154924665,0.23623186404712038,0.384230339663948,7.909285409109933,2026-06-17
2026-06-17,244.89999389648438,245.91000366210938,236.0,237.5,7.9007143293108255,0.2843218640971661,0.23623186404712038,7.690714154924665,2026-06-18
2026-06-18,240.1199951171875,245.72999572753906,236.02000427246094,244.38999938964844,8.229286193847656,0.34681704349950343,0.2843218640971661,7.9007143293108255,2026-06-22
2026-06-22,240.0800018310547,242.0,232.24000549316406,232.7899932861328,8.387142726353236,0.28976168498234417,0.34681704349950343,8.229286193847656,2026-06-23
2026-06-23,232.5500030517578,236.8699951171875,232.0,234.11000061035156,8.242855616978236,0.3261415409515029,0.28976168498234417,8.387142726353236,2026-06-24
2026-06-24,233.85000610351562,242.4199981689453,232.9499969482422,234.27000427246094,8.249285016741071,0.2929913204422078,0.3261415409515029,8.242855616978236,2026-06-25
2026-06-25,232.02000427246094,232.32000732421875,225.5500030517578,227.00999450683594,8.457142421177455,0.2669247046181899,0.2929913204422078,8.249285016741071,2026-06-26
2026-06-26,227.2100067138672,233.89999389648438,226.1300048828125,232.69000244140625,8.254998343331474,0.35366090798201816,0.2669247046181899,8.457142421177455,2026-06-29
2026-06-29,234.22000122070312,249.7100067138672,233.8000030517578,240.13999938964844,9.037855965750557,0.29695846224779926,0.35366090798201816,8.254998343331474,2026-06-30
2026-06-30,237.35000610351562,241.5399932861328,237.1699981689453,238.33999633789062,8.633569989885602,0.17051923065351585,0.29695846224779926,9.037855965750557,2026-07-01
2026-07-01,239.75,244.89999389648438,234.89999389648438,241.6999969482422,8.866426740373884,0.2189313115863675,0.17051923065351585,8.633569989885602,2026-07-02
2026-07-02,241.61000061035156,246.72000122070312,241.0800018310547,242.6699981689453,8.772140502929688,0.25897369741264126,0.2189313115863675,8.866426740373884,2026-07-06
2026-07-06,243.8000030517578,246.0399932861328,240.8800048828125,244.16000366210938,8.442853655133929,0.30230079671961896,0.25897369741264126,8.772140502929688,2026-07-07
2026-07-07,246.97999572753906,248.92999267578125,242.6999969482422,245.97999572753906,8.226425170898438,0.22843965730727986,0.30230079671961896,8.442853655133929,2026-07-08
2026-07-08,244.27000427246094,244.8000030517578,240.52000427246094,243.6199951171875,8.326424734933036,0.3761111070162042,0.22843965730727986,8.226425170898438,2026-07-09
2026-07-09,239.82000732421875,247.5,238.25,247.0399932861328,8.272853306361608,0.41664151298438723,0.3761111070162042,8.326424734933036,2026-07-10
2026-07-10,249.5500030517578,251.02999877929688,244.41000366210938,245.33999633789062,8.052139282226562,0.3731537288082958,0.41664151298438723,8.272853306361608,2026-07-13
2026-07-13,244.67999267578125,249.64999389648438,244.17999267578125,247.30999755859375,7.5749969482421875,0.303738750760374,0.3731537288082958,8.052139282226562,2026-07-14
2026-07-14,245.5500030517578,248.55999755859375,243.8000030517578,247.49000549316406,7.567139761788504,0.40844516367058664,0.303738750760374,7.5749969482421875,2026-07-15
2026-07-15,249.75,256.4800109863281,249.75,254.9600067138672,7.532854352678571,0.4593052542592832,0.40844516367058664,7.567139761788504,2026-07-16
2026-07-16,255.1199951171875,258.0799865722656,248.0,249.88999938964844,7.629996163504464,0.507938317584999,0.4593052542592832,7.532854352678571,2026-07-17
2026-07-17,244.4600067138672,250.24000549316406,243.58999633789062,247.22999572753906,7.54999760219029,0.39025277894057203,0.507938317584999,7.629996163504464,2026-07-20
2026-07-20,248.75999450683594,252.88999938964844,248.0,249.99000549316406,6.738568987165179,0.33723592349469644,0.39025277894057203,7.54999760219029,2026-07-21
2026-07-21,249.11000061035156,249.33999633789062,246.4199981689453,247.5500030517578,6.681427001953125,0.49997775055822236,0.33723592349469644,6.738568987165179,2026-07-22
2026-07-22,248.27000427246094,248.4499969482422,242.4499969482422,244.85000610351562,6.395712716238839,0.4643780397010406,0.49997775055822236,6.681427001953125,2026-07-23
2026-07-23,236.25999450683594,238.35000610351562,232.0500030517578,233.66000366210938,6.907141549246652,0.5632773183787381,0.4643780397010406,6.395712716238839,2026-07-24
2026-07-24,234.3800048828125,234.9499969482422,231.33999633789062,232.11000061035156,6.796428135463169,0.2519046451856711,0.5632773183787381,6.907141549246652,2026-07-27
2026-07-27,235.6699981689453,235.88999938964844,230.99000549316406,231.38999938964844,6.7014280046735495,0.2688355276869698,0.2519046451856711,6.796428135463169,2026-07-28
2026-07-28,232.85000610351562,233.11000061035156,228.10000610351562,230.86000061035156,6.669285365513393,0.3442100912668163,0.2688355276869698,6.7014280046735495,2026-07-29
2026-07-29,229.32000732421875,232.82000732421875,226.16000366210938,226.64999389648438,6.484285627092634,0.43285484317244466,0.3442100912668163,6.669285365513393,2026-07-30
2026-07-30,233.35000610351562,239.82000732421875,231.05999755859375,235.5,6.952144077845982,0.46605828926042864,0.43285484317244466,6.484285627092634,2026-07-31
2026-07-31,265.0,273.2300109863281,262.010009765625,271.5799865722656,9.256430489676339,0.6173507071117097,0.46605828926042864,6.952144077845982,2026-08-03
2026-08-03,278.2900085449219,287.20001220703125,278.0,284.0199890136719,10.032146998814174,0.6291919211028696,0.6173507071117097,9.256430489676339,2026-08-04
2026-08-04,276.05999755859375,281.07000732421875,275.82000732421875,277.4200134277344,9.975716727120536,0.7134773751167277,0.6291919211028696,10.032146998814174,2026-08-05
2026-08-05,281.5899963378906,282.7900085449219,270.7300109863281,272.6499938964844,10.11714608328683,0.22778863977847083,0.7134773751167277,9.975716727120536,2026-08-06
2026-08-06,272.7699890136719,275.4800109863281,271.05999755859375,272.260009765625,9.957860674176898,0.2781537174923132,0.22778863977847083,10.11714608328683,2026-08-07
2026-08-07,272.8699951171875,278.30999755859375,272.75,274.4800109863281,9.985716683523995,0.2093885901515707,0.2781537174923132,9.957860674176898,2026-08-10
2026-08-10,274.010009765625,280.1400146484375,273.6000061035156,278.0899963378906,10.197859627859932,0.2435654871163407,0.2093885901515707,9.985716683523995,2026-08-11
2026-08-11,278.69000244140625,278.8399963378906,271.3599853515625,272.2699890136719,10.303574698311943,0.32633824810566114,0.2435654871163407,10.197859627859932,2026-08-12
2026-08-12,273.17999267578125,273.4599914550781,267.1000061035156,267.2799987792969,9.843573434012276,0.37971953490936466,0.32633824810566114,10.303574698311943,2026-08-13
2026-08-13,267.239990234375,269.5799865722656,264.7099914550781,265.1300048828125,9.933573041643415,0.39295342216472373,0.37971953490936466,9.843573434012276,2026-08-14
2026-08-14,264.8800048828125,265.80999755859375,262.4200134277344,262.6499938964844,9.82571520124163,0.35523597874822466,0.39295342216472373,9.933573041643415,2026-08-17
2026-08-17,265.44000244140625,265.75,258.3399963378906,261.30999755859375,9.997144426618304,0.288972559592906,0.35523597874822466,9.82571520124163,2026-08-18
2026-08-18,260.6300048828125,262.17999267578125,257.7300109863281,259.45001220703125,9.839285714285714,0.2660522830051914,0.288972559592906,9.997144426618304,2026-08-19
2026-08-19,260.8500061035156,266.3999938964844,258.5799865722656,265.8399963378906,9.457142421177455,0.1885324862536121,0.2660522830051914,9.839285714285714,2026-08-20
2026-08-20,263.1600036621094,263.8399963378906,259.5199890136719,260.1099853515625,7.213570731026786,0.3370370752690421,0.1885324862536121,9.457142421177455,2026-08-21
2026-08-21,260.739990234375,261.0899963378906,257.0400085449219,258.6300048828125,6.387139456612723,0.25800941918691384,0.3370370752690421,7.213570731026786,2026-08-24
2026-08-24,259.6000061035156,263.32000732421875,259.04998779296875,262.07000732421875,6.136426653180804,0.2081862321642494,0.25800941918691384,6.387139456612723,2026-08-25
2026-08-25,262.510009765625,263.8900146484375,259.8299865722656,261.05999755859375,5.565000261579241,0.20014129080253107,0.2081862321642494,6.136426653180804,2026-08-26
2026-08-26,261.2799987792969,262.04998779296875,258.239990234375,260.2799987792969,5.521427699497768,0.19212412915489785,0.20014129080253107,5.565000261579241,2026-08-27
2026-08-27,259.2300109863281,259.6600036621094,255.02000427246094,256.260009765625,5.464999607631138,0.3683756274687327,0.19212412915489785,5.521427699497768,2026-08-28
2026-08-28,258.32000732421875,267.55999755859375,257.7799987792969,266.42999267578125,5.804998125348773,0.22460815932076728,0.3683756274687327,5.464999607631138,2026-08-31
2026-08-31,263.8299865722656,264.3599853515625,257.1199951171875,259.7699890136719,5.9357114519391745,0.361755735580797,0.22460815932076728,5.804998125348773,2026-09-01
2026-09-01,254.8300018310547,255.82000732421875,251.92999267578125,254.9199981689453,6.041426522391183,0.3132014057204446,0.361755735580797,5.9357114519391745,2026-09-02
2026-09-02,254.25999450683594,256.239990234375,253.39999389648438,254.97999572753906,5.896426609584263,0.3912221612793709,0.3132014057204446,6.041426522391183,2026-09-03
2026-09-03,256.20001220703125,259.5,256.0,258.8999938964844,5.977142333984375,0.3015934427468772,0.3912221612793709,5.896426609584263,2026-09-04
2026-09-04,259.07000732421875,261.1199951171875,255.2899932861328,258.510009765625,5.864285060337612,0.33421555776512823,0.3015934427468772,5.977142333984375,2026-09-08
2026-09-08,256.67999267578125,257.989990234375,254.75,256.9700012207031,5.815001351492746,0.3356064618509171,0.33421555776512823,5.864285060337612,2026-09-09
2026-09-09,253.1199951171875,254.69000244140625,250.64999389648438,252.39999389648438,5.707858494349888,0.38719641637729874,0.3356064618509171,5.815001351492746,2026-09-10
2026-09-10,250.11000061035156,253.14999389648438,249.5800018310547,251.88999938964844,5.5114288330078125,0.48960593241599454,0.38719641637729874,5.707858494349888,2026-09-11
2026-09-11,254.08999633789062,257.5899963378906,253.13999938964844,256.7799987792969,5.629286629813058,0.2976423207929817,0.48960593241599454,5.5114288330078125,2026-09-14
2026-09-14,253.14999389648438,255.9499969482422,250.74000549316406,253.5399932861328,5.725714547293527,0.5634691201821364,0.2976423207929817,5.629286629813058,2026-09-15
2026-09-15,252.24000549316406,253.27000427246094,247.22000122070312,248.4199981689453,5.887140546526227,0.46046099630263654,0.5634691201821364,5.725714547293527,2026-09-16
2026-09-16,248.10000610351562,249.25999450683594,244.3000030517578,245.9600067138672,5.969282967703683,0.34937444459770434,0.46046099630263654,5.887140546526227,2026-09-17
2026-09-17,251.07000732421875,252.72999572753906,249.24000549316406,251.19000244140625,6.077139718191964,0.3069754811787574,0.34937444459770434,5.969282967703683,
