Date,Open,High,Low,Close,ATR,Probability
2025-05-21,454.57000732421875,457.7799987792969,451.80999755859375,452.57000732421875,7.355715070452009,0.4559577275023196
2025-05-22,454.95001220703125,460.25,453.8999938964844,454.8599853515625,6.90142822265625,0.3574875593476287
2025-05-23,449.9800109863281,453.69000244140625,448.9100036621094,450.17999267578125,6.7985687255859375,0.3659227792229536
2025-05-27,456.4800109863281,460.95001220703125,456.1199951171875,460.69000244140625,7.099284580775669,0.38897735077745366
2025-05-28,461.2200012207031,462.5199890136719,456.92999267578125,457.3599853515625,6.997855050223214,0.45926988527049045
2025-05-29,461.54998779296875,461.7200012207031,455.30999755859375,458.67999267578125,6.718569074358259,0.47256167924161535
2025-05-30,459.7200012207031,461.67999267578125,455.5400085449219,460.3599853515625,6.80999755859375,0.483789967889275
2025-06-02,457.1400146484375,462.1099853515625,456.8900146484375,461.9700012207031,6.422853742327009,0.49510286794679903
2025-06-03,461.4700012207031,464.1400146484375,460.8599853515625,462.9700012207031,6.277853829520089,0.4894483425041642
2025-06-04,464.0,465.69000244140625,463.0199890136719,463.8699951171875,6.060712541852679,0.4584310188994021
2025-06-05,464.9599914550781,469.6499938964844,464.0299987792969,467.67999267578125,6.062140328543527,0.36647061430783473
2025-06-06,470.0899963378906,473.3399963378906,468.7799987792969,470.3800048828125,6.0642852783203125,0.3461049753845722
2025-06-09,469.70001220703125,473.42999267578125,468.6199951171875,472.75,5.779998779296875,0.3743282716335825
2025-06-10,471.19000244140625,472.79998779296875,466.9599914550781,470.9200134277344,5.872142246791294,0.5884235898318267
2025-06-11,470.0199890136719,475.4700012207031,469.6600036621094,472.6199951171875,5.832855224609375,0.38733916311447913
2025-06-12,475.0199890136719,480.4200134277344,473.5199890136719,478.8699951171875,5.841428484235491,0.4459415617003513
2025-06-13,476.4100036621094,479.17999267578125,472.760009765625,474.9599914550781,5.875,0.417472763132475
2025-06-16,475.2099914550781,480.69000244140625,475.0,479.1400146484375,5.5149993896484375,0.18081897996270246
2025-06-17,475.3999938964844,478.739990234375,474.0799865722656,478.0400085449219,5.477144513811384,0.25363007477226696
2025-06-18,478.0,481.0,474.4599914550781,480.239990234375,5.486430576869419,0.1817744533946266
2025-06-20,482.2300109863281,483.4599914550781,476.8699951171875,477.3999938964844,5.518574305943081,0.5509128443772174
2025-06-23,478.2099914550781,487.75,472.510009765625,486.0,6.234289986746652,0.15964859055330327
2025-06-24,488.95001220703125,491.8500061035156,486.79998779296875,490.1099853515625,6.417859758649554,0.156265313125556
2025-06-25,492.0400085449219,494.55999755859375,489.3900146484375,492.2699890136719,6.592858450753348,0.2703355818418364
2025-06-26,492.9800109863281,498.0400085449219,492.80999755859375,497.45001220703125,6.592145647321429,0.2250711734799807
2025-06-27,497.54998779296875,499.29998779296875,493.0299987792969,495.94000244140625,6.635716029575893,0.577214535092715
2025-06-30,497.0400085449219,500.760009765625,495.3299865722656,497.4100036621094,6.680003574916294,0.27262271411621347
2025-07-01,496.4700012207031,498.04998779296875,490.9800109863281,492.04998779296875,6.767859322684152,0.5452563288824418
2025-07-02,489.989990234375,493.5,488.70001220703125,491.0899963378906,6.695715767996652,0.5146421374910393
2025-07-03,493.80999755859375,500.1300048828125,493.44000244140625,498.8399963378906,6.7842864990234375,0.2130988881569106
2025-07-07,497.3800048828125,498.75,495.2300109863281,497.7200012207031,6.5835723876953125,0.5233217888276759
2025-07-08,497.239990234375,498.20001220703125,494.1099853515625,496.6199951171875,6.4664306640625,0.5245135469491865
2025-07-09,500.29998779296875,506.7799987792969,499.739990234375,503.510009765625,6.830714634486607,0.16547783359368168
2025-07-10,503.04998779296875,504.44000244140625,497.75,501.4800109863281,6.841428484235491,0.6120676654807056
2025-07-11,498.4700012207031,505.0299987792969,497.79998779296875,503.32000732421875,6.887143816266741,0.29099693971646523
2025-07-14,501.5199890136719,503.9700012207031,501.0299987792969,503.0199890136719,6.008573259626116,0.36285025502741797
2025-07-15,503.0199890136719,508.29998779296875,502.7900085449219,505.82000732421875,5.984285627092634,0.1712153882920807
2025-07-16,505.17999267578125,506.7200012207031,501.8900146484375,505.6199951171875,5.960000174386161,0.29460963414741187
2025-07-17,505.67999267578125,513.3699951171875,505.6199951171875,511.70001220703125,6.101427350725446,0.21629859334694856
2025-07-18,514.47998046875,514.6400146484375,507.42999267578125,510.04998779296875,6.168572562081473,0.6420601944232986
2025-07-21,506.7099914550781,512.0900268554688,505.54998779296875,510.05999755859375,6.247859409877232,0.6185288878644614
2025-07-22,510.9700012207031,511.20001220703125,505.2699890136719,505.2699890136719,6.166434151785714,0.6705249842459922
2025-07-23,506.75,506.7900085449219,500.70001220703125,505.8699951171875,6.258577619280134,0.35419610809882024
2025-07-24,508.7699890136719,513.6699829101562,507.29998779296875,510.8800048828125,6.170004708426339,0.27210108890544255
2025-07-25,512.469970703125,518.2899780273438,510.3599853515625,513.7100219726562,6.47857666015625,0.18910287650057853
2025-07-28,514.0800170898438,515.0,510.1199951171875,512.5,6.535003662109375,0.6734534256993826
2025-07-29,515.530029296875,517.6199951171875,511.55999755859375,512.5700073242188,6.242146083286831,0.6038144897544492
2025-07-30,515.1699829101562,515.9500122070312,509.44000244140625,513.239990234375,6.229289463588169,0.40023775406030887
2025-07-31,555.22998046875,555.4500122070312,531.9000244140625,533.5,8.727861676897321,0.3534542586395393
2025-08-01,535.0,535.7999877929688,520.8599853515625,524.1099853515625,9.585004534040179,0.7151346836830279
2025-08-04,528.27001953125,538.25,528.1300048828125,535.6400146484375,10.20143563406808,0.20668478600714624
2025-08-05,537.1799926757812,537.2999877929688,527.239990234375,527.75,10.575007847377233,0.7293490793904684
2025-08-06,530.9000244140625,531.7000122070312,524.030029296875,524.9400024414062,10.569292340959821,0.7419561509032464
2025-08-07,526.7999877929688,528.0900268554688,517.5499877929688,520.8400268554688,10.807150704520089,0.6241506260390615
2025-08-08,522.5999755859375,524.6599731445312,519.4099731445312,522.0399780273438,10.715005057198661,0.458452380780561
2025-08-11,522.2999877929688,527.5900268554688,519.719970703125,521.77001953125,10.853578839983259,0.498494830684497
2025-08-12,523.75,530.97998046875,522.7000122070312,529.239990234375,11.076433454241071,0.25901034684847307
2025-08-13,532.1099853515625,532.7000122070312,519.3699951171875,520.5800170898438,11.471435546875,0.591001479853838
2025-08-14,522.5599975585938,525.9500122070312,520.1400146484375,522.47998046875,11.32000732421875,0.38437059889923125
2025-08-15,522.77001953125,526.0999755859375,519.0800170898438,520.1699829101562,11.472861153738839,0.6693024761003369
2025-08-18,521.5900268554688,522.8200073242188,514.02001953125,517.0999755859375,11.668574741908483,0.42244327403104337
2025-08-19,515.0,515.1599731445312,508.54998779296875,509.7699890136719,11.814287458147321,0.4930194939260426
2025-08-20,509.8699951171875,511.0,504.44000244140625,505.7200012207031,9.267857142857142,0.4047425489103907
2025-08-21,503.69000244140625,507.6300048828125,502.7200012207031,504.239990234375,8.551428658621651,0.4713645495364047
2025-08-22,504.25,510.7300109863281,502.4100036621094,507.2300109863281,8.135713849748884,0.33017842432019195
2025-08-25,506.6300048828125,508.19000244140625,504.1199951171875,504.260009765625,7.707857404436384,0.6778130326134759
2025-08-26,504.3599853515625,504.9800109863281,498.510009765625,502.0400085449219,7.622144426618304,0.6608720606222004
2025-08-27,502.0,507.2900085449219,499.8999938964844,506.739990234375,7.397142682756696,0.12981864505590096
2025-08-28,507.0899963378906,511.0899963378906,505.5,509.6400146484375,7.421428135463169,0.12283817639193247
2025-08-29,508.6600036621094,509.6000061035156,504.489990234375,506.69000244140625,7.227140154157366,0.4379591525756931
2025-09-02,500.4700012207031,506.0,496.80999755859375,505.1199951171875,7.275000435965402,0.6631129007251385
2025-09-03,503.7900085449219,507.7900085449219,502.32000732421875,505.3500061035156,6.713570731026786,0.32118471547777167
2025-09-04,504.29998779296875,508.1499938964844,503.1499938964844,507.9700012207031,6.655713762555804,0.10522788052931924
2025-09-05,509.07000732421875,511.9700012207031,492.3699951171875,495.0,7.554288591657366,0.7291539153236021
2025-09-08,498.1099853515625,501.20001220703125,495.0299987792969,498.20001220703125,7.3685760498046875,0.1459069923640377
2025-09-09,501.42999267578125,502.25,497.70001220703125,498.4100036621094,7.082861764090402,0.3190351178129765
2025-09-10,502.9800109863281,503.2300109863281,496.7200012207031,500.3699951171875,7.079291207449777,0.1838480548493934
2025-09-11,502.25,503.1700134277344,497.8800048828125,501.010009765625,7.106434413364956,0.34990247407895764
2025-09-12,506.6499938964844,512.5499877929688,503.8500061035156,509.8999938964844,7.336432320731027,0.18786903155601645
2025-09-15,508.7900085449219,515.469970703125,507.0,515.3599853515625,7.650715419224331,0.1709681849287893
2025-09-16,516.8800048828125,517.22998046875,508.6000061035156,509.0400085449219,7.804999215262277,0.788638691037092
2025-09-17,510.6199951171875,511.2900085449219,505.92999267578125,510.0199890136719,7.659999302455357,0.7573910489530764
2025-09-18,511.489990234375,513.0700073242188,507.6600036621094,508.45001220703125,7.647142682756696,0.8231648035665646
2025-09-19,510.55999755859375,519.2999877929688,510.30999755859375,517.9299926757812,8.054282052176339,0.5541225797834303
2025-09-22,515.5900268554688,517.739990234375,512.5399780273438,514.4500122070312,7.733568464006696,0.7232593565131714
2025-09-23,513.7999877929688,514.5900268554688,507.30999755859375,509.2300109863281,7.862856183733259,0.6443314363622459
2025-09-24,510.3800048828125,512.47998046875,506.9200134277344,510.1499938964844,7.902853829520089,0.610712936500874
2025-09-25,508.29998779296875,510.010009765625,505.0400085449219,507.0299987792969,6.867852347237723,0.603532742045939
2025-09-26,510.05999755859375,513.9400024414062,506.6199951171875,511.4599914550781,6.947851998465402,0.5579168488393872
2025-09-29,511.5,516.8499755859375,508.8800048828125,514.5999755859375,7.192136492047991,0.33650487694734804
2025-09-30,513.239990234375,518.1599731445312,509.6600036621094,517.9500122070312,7.334276471819196,0.40122235705554754
2025-10-01,514.7999877929688,520.510009765625,511.69000244140625,519.7100219726562,7.586419241768973,0.5201785921697546
2025-10-02,517.6400146484375,521.5999755859375,510.67999267578125,515.739990234375,7.542133876255581,0.564136257808383
2025-10-03,517.0999755859375,520.489990234375,515.0,517.3499755859375,7.329278128487723,0.4957426487400702
2025-10-06,518.6099853515625,531.030029296875,518.2000122070312,528.5700073242188,7.689998081752232,0.340859511764623
2025-10-07,528.2899780273438,529.7999877929688,521.4400024414062,523.97998046875,7.9042816162109375,0.5351302622905897
2025-10-08,523.280029296875,526.9500122070312,523.0900268554688,524.8499755859375,7.793566022600446,0.4934473234795713
2025-10-09,522.3400268554688,524.3300170898438,517.4000244140625,522.4000244140625,7.550707135881696,0.5052344905018292
2025-10-10,519.6400146484375,523.5800170898438,509.6300048828125,510.9599914550781,8.162135532924108,0.3900190071734902
2025-10-13,516.4099731445312,516.4099731445312,511.67999267578125,514.0499877929688,8.031417846679688,0.2568790162848323
2025-10-14,510.2300109863281,515.280029296875,506.0,513.5700073242188,8.297136579241071,0.4165242525476547
2025-10-15,514.9600219726562,517.1900024414062,510.0,513.4299926757812,8.445709228515625,0.4809943059470833
2025-10-16,512.5800170898438,516.8499755859375,508.1300048828125,511.6099853515625,8.545706612723214,0.6297983243658859
2025-10-17,509.0400085449219,515.47998046875,507.30999755859375,513.5800170898438,8.559993198939733,0.25902759098497324
2025-10-20,514.6099853515625,518.7000122070312,513.4299926757812,516.7899780273438,8.329282488141741,0.2803681391145768
2025-10-21,517.5,518.6900024414062,513.0399780273438,517.6599731445312,8.102855137416295,0.31498618122615735
2025-10-22,521.1500244140625,525.22998046875,517.7100219726562,520.5399780273438,7.8635711669921875,0.19861202366753264
2025-10-23,522.4600219726562,523.9500122070312,518.6099853515625,520.5599975585938,7.8528594970703125,0.5255703040680727
2025-10-24,522.7899780273438,525.3499755859375,520.7100219726562,523.6099853515625,7.217854091099331,0.15662015572710564
2025-10-27,531.780029296875,534.5800170898438,529.010009765625,531.52001953125,7.404285975864956,0.1692434927939185
2025-10-28,550.0,553.719970703125,540.77001953125,542.0700073242188,8.714283534458705,0.1772218224131591
2025-10-29,544.9400024414062,546.27001953125,536.72998046875,541.5499877929688,8.863575526646205,0.3447117290030674
2025-10-30,530.47998046875,534.969970703125,522.1199951171875,525.760009765625,9.255002702985491,0.44565131885454745
2025-10-31,528.8800048828125,529.3200073242188,515.0999755859375,517.8099975585938,9.881434849330358,0.4414060826695829
2025-11-03,519.8099975585938,524.9600219726562,514.5900268554688,517.030029296875,9.95928955078125,0.33345605131471007
2025-11-04,511.760009765625,515.5499877929688,507.8399963378906,514.3300170898438,10.102148873465401,0.5162420609535757
2025-11-05,513.2999877929688,514.8300170898438,506.5799865722656,507.1600036621094,10.068581717354911,0.5782981709060913
2025-11-06,505.6600036621094,505.70001220703125,495.80999755859375,497.1000061035156,10.295726231166295,0.5266516140179239
2025-11-07,496.95001220703125,499.3800048828125,493.25,496.82000732421875,10.357153756277901,0.5210082285230259
2025-11-10,500.0400085449219,506.8500061035156,498.79998779296875,506.0,10.670009068080358,0.4281394429225869
2025-11-11,504.79998779296875,509.6000061035156,502.3500061035156,508.67999267578125,10.647151402064733,0.6608740584305264
2025-11-12,509.3599853515625,511.6700134277344,499.1199951171875,511.1400146484375,11.16215079171317,0.5451712998242981
2025-11-13,510.30999755859375,513.5,501.2900085449219,503.2900085449219,11.692151750837054,0.6348659712151616
2025-11-14,498.2300109863281,511.6000061035156,497.44000244140625,510.17999267578125,11.920006888253349,0.464321052700668
2025-11-17,508.45001220703125,512.1199951171875,504.9100036621094,507.489990234375,10.849295479910714,0.6237440177328053
2025-11-18,495.3699951171875,502.9800109863281,486.7799987792969,493.7900085449219,11.647149222237724,0.8022619938777259
2025-11-19,490.1000061035156,495.19000244140625,482.8299865722656,487.1199951171875,11.14215087890625,0.821111119010399
2025-11-20,492.7099914550781,493.57000732421875,475.5,478.42999267578125,11.417149135044642,0.8288836362162672
2025-11-21,478.5,478.9200134277344,468.2699890136719,472.1199951171875,11.437151227678571,0.8579402622440461
2025-11-24,475.0,476.8999938964844,468.0199890136719,474.0,11.415006365094866,0.8245482759997166
2025-11-25,474.07000732421875,479.1499938964844,464.8900146484375,476.989990234375,11.844288417271205,0.6395904233237539
2025-11-26,486.30999755859375,488.30999755859375,481.20001220703125,485.5,11.842145647321429,0.5081096776304947
2025-11-28,487.6000061035156,492.6300048828125,486.6499938964844,492.010009765625,11.91357421875,0.38126100374984667
2025-12-01,488.44000244140625,489.8599853515625,484.6499938964844,486.739990234375,11.722861153738839,0.5389343883231618
2025-12-02,486.7200012207031,493.5,486.32000732421875,490.0,11.717860630580358,0.30873428103417916
2025-12-03,476.32000732421875,484.239990234375,475.20001220703125,477.7300109863281,11.878572736467634,0.6497916665221309
2025-12-04,479.760009765625,481.32000732421875,476.489990234375,480.8399963378906,11.351431710379464,0.5199565538115696
2025-12-05,482.5199890136719,483.3999938964844,478.8800048828125,483.1600036621094,10.662859235491071,0.37081989900253504
2025-12-08,484.8900146484375,492.29998779296875,484.3800048828125,491.0199890136719,10.800715855189733,0.3325375826266816
2025-12-09,489.1000061035156,492.1199951171875,488.5,492.0199890136719,9.580001831054688,0.3883982411807616
2025-12-10,484.0299987792969,484.25,475.0799865722656,478.55999755859375,9.907143729073661,0.5007837275873449
2025-12-11,476.6300048828125,486.0299987792969,475.8599853515625,483.4700012207031,9.342858450753349,0.37394547568900743
2025-12-12,479.82000732421875,482.45001220703125,476.3399963378906,478.5299987792969,9.091428484235491,0.6268283958620273
2025-12-15,480.1000061035156,480.7200012207031,472.5199890136719,474.82000732421875,9.042857578822545,0.5830050401375505
2025-12-16,471.9100036621094,477.8900146484375,470.8800048828125,476.3900146484375,8.525002615792411,0.4510160073769925
2025-12-17,476.9100036621094,480.0,475.0,476.1199951171875,8.073573521205358,0.5156532462554373
2025-12-18,478.19000244140625,489.6000061035156,477.8900146484375,483.9800109863281,8.527145385742188,0.39196526560569406
2025-12-19,487.3599853515625,487.8500061035156,482.489990234375,485.9200134277344,8.384288242885045,0.3435257575353871
2025-12-22,486.1199951171875,488.7300109863281,482.69000244140625,484.9200134277344,8.302860804966517,0.48153828181747055
2025-12-23,484.9800109863281,487.8299865722656,484.739990234375,486.8500061035156,7.466432843889509,0.35271894194938086
2025-12-24,485.67999267578125,489.1600036621094,484.8299865722656,488.0199890136719,7.430718558175223,0.39856944581508635
2025-12-26,486.7099914550781,488.1199951171875,485.9599914550781,487.7099914550781,7.262148175920759,0.5932988223547951
2025-12-29,484.8599853515625,488.3500061035156,484.17999267578125,487.1000061035156,6.9071502685546875,0.42389875599742705
2025-12-30,485.92999267578125,489.67999267578125,485.5,487.4800109863281,6.947150094168527,0.5089016717388316
2025-12-31,487.8399963378906,488.1400146484375,483.29998779296875,483.6199951171875,6.082866123744419,0.638019449317265
2026-01-02,484.3900146484375,484.6600036621094,470.1600036621094,472.94000244140625,6.39215087890625,0.6127249768754345
2026-01-05,474.05999755859375,476.07000732421875,469.5,472.8500061035156,6.352151053292411,0.5564278946666795
2026-01-06,473.79998779296875,478.739990234375,469.75,478.510009765625,6.408578055245536,0.5793260344991209
2026-01-07,479.760009765625,489.70001220703125,477.95001220703125,483.4700012207031,6.747148786272321,0.5168469881389475
2026-01-08,481.239990234375,482.6600036621094,475.8599853515625,478.1099853515625,6.9335784912109375,0.7002008306440516
2026-01-09,474.05999755859375,479.82000732421875,472.20001220703125,479.2799987792969,6.515005929129464,0.49577905761713775
2026-01-12,476.6700134277344,480.989990234375,475.67999267578125,477.17999267578125,6.511433192661831,0.7231475862094148
2026-01-13,474.67999267578125,475.7799987792969,465.95001220703125,470.6700134277344,6.882145472935268,0.6839541854983139
2026-01-14,466.4599914550781,468.20001220703125,457.1700134277344,459.3800048828125,7.6257171630859375,0.7025055818453216
2026-01-15,464.1199951171875,464.25,455.8999938964844,456.6600036621094,7.912859235491071,0.6944722032140113
2026-01-16,457.8299865722656,463.19000244140625,456.4800109863281,459.8599853515625,8.237858363560267,0.618858691922561
2026-01-20,451.2200012207031,456.79998779296875,449.2799987792969,454.5199890136719,8.695713588169642,0.715590576445163
2026-01-21,452.6000061035156,452.69000244140625,438.67999267578125,444.1099853515625,9.528570992606026,0.755516460806667
2026-01-22,447.6199951171875,452.8399963378906,444.70001220703125,451.1400146484375,9.806427001953125,0.6879064951903073
2026-01-23,451.8699951171875,471.1000061035156,450.5299987792969,465.95001220703125,10.239998953683036,0.32018784568054337
2026-01-26,465.30999755859375,474.25,462.0,470.2799987792969,10.645712716238839,0.29700948906769775
2026-01-27,473.70001220703125,482.8699951171875,473.1600036621094,480.5799865722656,10.902856009347099,0.2606867864566031
2026-01-28,483.2099914550781,483.739990234375,478.0,481.6300048828125,10.473569597516741,0.3030488638286528
2026-01-29,439.989990234375,442.5,421.0199890136719,433.5,14.259283883231026,0.6077475705857424
2026-01-30,439.1700134277344,439.6000061035156,426.45001220703125,430.2900085449219,14.654283796037946,0.7531666606724232
2026-02-02,430.239990234375,430.739990234375,422.25,423.3699951171875,14.881426130022321,0.7221826487756257
2026-02-03,422.010009765625,422.04998779296875,408.55999755859375,411.2099914550781,15.137141636439733,0.7301307789188364
2026-02-04,411.0,419.79998779296875,409.239990234375,414.19000244140625,14.927141462053571,0.7012200120474755
2026-02-05,407.44000244140625,408.29998779296875,392.32000732421875,393.6700134277344,15.892854963030134,0.7886342635546307
2026-02-06,399.1700134277344,401.7900085449219,392.9200134277344,401.1400146484375,16.04714093889509,0.6879303148929043
2026-02-09,404.8500061035156,414.8900146484375,400.8699951171875,413.6000061035156,16.292857578822545,0.598403902675133
2026-02-10,419.6199951171875,423.67999267578125,412.70001220703125,413.2699890136719,15.945713588169642,0.6224856488797641
2026-02-11,416.17999267578125,416.4599914550781,401.010009765625,404.3699951171875,16.425711495535715,0.6634001407508038
2026-02-12,405.0,406.20001220703125,398.010009765625,401.8399963378906,15.541425432477679,0.7664862126009409
2026-02-13,404.45001220703125,405.5400085449219,398.04998779296875,401.32000732421875,15.201426914760045,0.7451047780752033
2026-02-17,399.2200012207031,400.5199890136719,394.5299987792969,396.8599853515625,14.787142072405134,0.7648668603079161
2026-02-18,398.1300048828125,402.55999755859375,396.32000732421875,399.6000061035156,14.82285635811942,0.5579415115745391
2026-02-19,400.69000244140625,404.42999267578125,396.6700134277344,398.4599914550781,11.047853742327009,0.7902674565366548
2026-02-20,396.1099853515625,400.1199951171875,395.1600036621094,397.2300109863281,10.462853567940849,0.7117306272369827
2026-02-23,395.0,395.3599853515625,383.1000061035156,384.4700012207031,10.865711757114955,0.7123590599323094
2026-02-24,384.1400146484375,389.3599853515625,381.7099914550781,389.0,10.354282924107142,0.5231563884810685
2026-02-25,390.5299987792969,401.4700012207031,390.1600036621094,400.6000061035156,10.490711757114955,0.46624886543063315
2026-02-26,404.7099914550781,407.489990234375,398.739990234375,401.7200012207031,9.55356924874442,0.4781005138844492
2026-02-27,390.8800048828125,396.82000732421875,389.8800048828125,392.739990234375,9.765712193080358,0.7084537174218507
2026-03-02,392.8599853515625,401.19000244140625,390.6300048828125,398.54998779296875,9.518567766462054,0.5243892658077239
2026-03-03,393.1400146484375,406.70001220703125,392.6700134277344,403.92999267578125,9.736426217215401,0.4246074966428713
2026-03-04,401.2699890136719,411.0299987792969,400.30999755859375,405.20001220703125,9.398570469447545,0.44689450708193085
2026-03-05,404.4200134277344,411.6099853515625,404.3999938964844,410.67999267578125,9.328569684709821,0.4779493452031129
2026-03-06,409.20001220703125,413.04998779296875,408.510009765625,408.9599914550781,9.117852347237724,0.6767884605940478
2026-03-09,404.9200134277344,410.2099914550781,403.5,409.4100036621094,9.112136840820312,0.4708114156323559
2026-03-10,410.0299987792969,410.20001220703125,402.92999267578125,405.760009765625,9.18571036202567,0.5179916461148037
2026-03-11,405.57000732421875,409.010009765625,401.5899963378906,404.8800048828125,9.161427089146205,0.47899924124451926
2026-03-12,404.6300048828125,406.1199951171875,401.7099914550781,401.8599853515625,9.122142246791295,0.5325328960907022
2026-03-13,401.0,404.79998779296875,394.25,395.54998779296875,8.866426740373884,0.5027007858634523
2026-03-16,398.07000732421875,400.6300048828125,394.7900085449219,399.95001220703125,8.73714120047433,0.26246690477196133
2026-03-17,400.2699890136719,404.3999938964844,397.75,399.4100036621094,8.321426391601562,0.3656067711907087
2026-03-18,397.1300048828125,398.0,391.0,391.7900085449219,8.297140938895089,0.48852366484301474
2026-03-19,390.1000061035156,392.489990234375,387.05999755859375,389.0199890136719,7.839283534458706,0.6085173707718584
2026-03-20,386.7900085449219,387.0,380.1199951171875,381.8699951171875,7.720711844308036,0.5895589992347731
2026-03-23,383.8999938964844,387.2099914550781,381.67999267578125,383.0,7.113568987165179,0.6130014829688651
2026-03-24,382.3599853515625,382.4700012207031,371.8500061035156,372.739990234375,7.144282749720982,0.8703599087477528
2026-03-25,376.9200134277344,377.05999755859375,369.6300048828125,371.0400085449219,7.159997122628348,0.8314679460721143
2026-03-26,370.82000732421875,374.7200012207031,365.19000244140625,365.9700012207031,7.516427176339286,0.8483077949454255
2026-03-27,361.8999938964844,362.45001220703125,356.510009765625,356.7699890136719,7.712855747767857,0.8632295647131777
2026-03-30,361.8999938964844,365.3599853515625,356.2799987792969,358.9599914550781,7.842139107840402,0.7030909707930223
2026-03-31,364.54998779296875,372.8999938964844,363.07000732421875,370.1700134277344,8.307852608816964,0.6398254850855348
2026-04-01,373.489990234375,373.989990234375,368.20001220703125,369.3699951171875,8.406422206333705,0.5138813754178493
2026-04-02,367.2099914550781,373.6400146484375,364.1499938964844,373.4599914550781,8.330710274832589,0.2672068404671844
2026-04-06,373.489990234375,373.7300109863281,369.5,372.8800048828125,8.215711321149554,0.41242704920381756
2026-04-07,370.3399963378906,372.45001220703125,366.55999755859375,372.2900085449219,8.192140851702009,0.412949256524743
2026-04-08,384.9800109863281,385.0,371.4100036621094,374.3299865722656,8.562140328543526,0.274377519657428
2026-04-09,372.5,373.5,367.04998779296875,373.07000732421875,8.694283621651786,0.43660480529179774
2026-04-10,372.9800109863281,375.6400146484375,370.0299987792969,370.8699951171875,8.459285191127233,0.36024458965922485
2026-04-13,373.6099853515625,384.5400085449219,371.0199890136719,384.3699951171875,9.040714808872767,0.34107796681651487
2026-04-14,387.9200134277344,394.69000244140625,386.5199890136719,393.1099853515625,8.981430053710938,0.2794523144006462
2026-04-15,398.0,414.3699951171875,396.7300109863281,411.2200012207031,9.969288417271205,0.4046883729554702
2026-04-16,419.8599853515625,420.82000732421875,412.1400146484375,420.260009765625,9.974288940429688,0.46615175182832735
2026-04-17,424.82000732421875,431.5799865722656,420.69000244140625,422.7900085449219,10.107145036969866,0.4568590772484282
2026-04-20,421.1499938964844,423.3299865722656,416.29998779296875,418.07000732421875,9.960717337472099,0.7724209828747496
2026-04-21,420.239990234375,427.17999267578125,417.20001220703125,424.1600036621094,9.677858625139509,0.5636064370552256
2026-04-22,426.19000244140625,433.70001220703125,423.6700134277344,432.9200134277344,9.980717250279017,0.47047481323081813
2026-04-23,419.8900146484375,423.6600036621094,411.4100036621094,415.75,10.839287894112724,0.6071823272547862
2026-04-24,416.9700012207031,424.95001220703125,415.79998779296875,424.6199951171875,11.194287981305804,0.38031601320323655
2026-04-27,422.3800048828125,427.1099853515625,417.07000732421875,424.82000732421875,11.460000174386161,0.7439553250943772
2026-04-28,424.57000732421875,429.9200134277344,421.8999938964844,429.25,11.062144688197545,0.43650148460560323
2026-04-29,424.5799865722656,426.82000732421875,420.2900085449219,424.4599914550781,11.182144165039062,0.7869531536013236
2026-04-30,410.80999755859375,414.4200134277344,398.010009765625,407.7799987792969,12.670713152204241,0.7788318666714164
2026-05-01,412.79998779296875,417.1099853515625,410.44000244140625,414.44000244140625,12.360711233956474,0.5436553748468268
2026-05-04,411.5400085449219,420.7799987792969,410.79998779296875,413.6199951171875,12.33642578125,0.7256629699417959
2026-05-05,415.32000732421875,416.7799987792969,408.79998779296875,411.3800048828125,11.387854439871651,0.6983467820151145
2026-05-06,408.0,418.4200134277344,405.1099853515625,413.9599914550781,11.652856009347099,0.2620261616454269
2026-05-07,420.1099853515625,427.9800109863281,418.760009765625,420.7699890136719,11.845716203962054,0.4397663630893409
2026-05-08,417.3900146484375,418.6300048828125,414.0,415.1199951171875,11.827144077845983,0.4940477128068534
2026-05-11,407.8699951171875,412.69000244140625,405.5,412.6600036621094,11.801430838448661,0.4221170909561304
2026-05-12,414.4800109863281,415.5,406.6400146484375,407.7699890136719,11.717858450753349,0.3612916482938906
2026-05-13,403.20001220703125,406.30999755859375,401.0299987792969,405.2099914550781,10.662857055664062,0.35179481227701603
2026-05-14,404.4800109863281,411.8399963378906,400.8800048828125,409.42999267578125,10.788569859095983,0.18591980178837356
2026-05-15,414.2699890136719,428.1700134277344,412.9100036621094,421.9200134277344,11.410001482282366,0.27322798452401026
2026-05-18,416.6199951171875,425.1199951171875,415.6099853515625,423.5400085449219,11.516429356166295,0.36683941248717905
2026-05-19,429.8999938964844,432.70001220703125,416.489990234375,417.4200134277344,12.034288678850446,0.4624389205195887
2026-05-20,414.1700134277344,422.1000061035156,411.29998779296875,421.05999755859375,10.916434151785714,0.3269651615087283
2026-05-21,424.75,426.3399963378906,415.7099914550781,419.0899963378906,11.009292602539062,0.4363719754304863
2026-05-22,419.5400085449219,424.3999938964844,416.3299865722656,418.57000732421875,10.87286376953125,0.3406468227411881
2026-05-26,416.42999267578125,419.7699890136719,413.0199890136719,416.0299987792969,10.785005841936384,0.38395774046111014
2026-05-27,411.010009765625,415.94000244140625,409.5799865722656,412.6700134277344,10.295004708426339,0.3873799895739884
2026-05-28,412.9800109863281,429.489990234375,412.6700134277344,426.989990234375,10.495001656668526,0.3034581502467321
2026-05-29,432.54998779296875,450.3299865722656,432.3599853515625,450.239990234375,11.678573608398438,0.40669894279499674
2026-06-01,464.8399963378906,466.32000732421875,458.2699890136719,460.5199890136719,12.140003749302455,0.3531494911400543
2026-06-02,446.8800048828125,453.5,440.42999267578125,441.30999755859375,12.942147391183036,0.8038095490006936
2026-06-03,438.45001220703125,440.3900146484375,424.25,427.3399963378906,13.679290771484375,0.785031999547226
2026-06-04,435.80999755859375,436.1499938964844,426.4100036621094,428.04998779296875,13.592147827148438,0.5512495389632189
2026-06-05,428.3399963378906,429.4700012207031,414.3999938964844,416.6700134277344,13.330004010881696,0.799890435710307
2026-06-08,414.1400146484375,417.1600036621094,408.55999755859375,411.739990234375,13.265003749302455,0.7080158199694587
2026-06-09,409.0299987792969,411.9800109863281,398.4800109863281,403.4100036621094,13.07143075125558,0.7124956916714332
2026-06-10,398.54998779296875,405.0400085449219,397.1600036621094,397.3599853515625,12.862858363560267,0.6644158548070859
2026-06-11,395.2099914550781,396.8500061035156,384.0,390.3399963378906,13.057856968470983,0.6641548255354549
2026-06-12,391.42999267578125,391.739990234375,382.2699890136719,390.739990234375,13.15785653250558,0.7022533473880612
2026-06-15,396.79998779296875,401.75,392.8500061035156,399.760009765625,13.462142944335938,0.5899675570663311
2026-06-16,395.7900085449219,396.8399963378906,390.69000244140625,393.8299865722656,13.649285452706474,0.6383515915380685
2026-06-17,390.25,390.3699951171875,377.32000732421875,378.9100036621094,13.627142769949776,0.48302825581632175
2026-06-18,377.82000732421875,381.3699951171875,373.2799987792969,379.3999938964844,12.537857055664062,0.5218185979774782
2026-06-22,375.739990234375,381.6300048828125,367.07000732421875,367.3399963378906,12.429284232003349,0.6095771284521071
2026-06-23,372.3800048828125,377.2200012207031,370.6700134277344,373.94000244140625,11.699999128069196,0.6463454511409775
2026-06-24,371.57000732421875,378.8800048828125,364.7799987792969,365.4599914550781,11.488571166992188,0.7117500723968634
2026-06-25,362.7699890136719,364.2300109863281,349.20001220703125,352.8299865722656,11.95428466796875,0.7182364513468228
2026-06-26,357.1499938964844,376.6099853515625,355.42999267578125,372.9700012207031,12.576426914760045,0.6378974485591881
2026-06-29,377.5,380.5,359.8999938964844,368.57000732421875,13.433569771902901,0.5120641205088131
2026-06-30,371.0299987792969,374.1499938964844,367.45001220703125,373.0199890136719,12.947854178292411,0.5895636570922403
2026-07-01,380.8299865722656,388.8299865722656,374.8900146484375,384.2799987792969,13.5142822265625,0.5740466022765051
2026-07-02,384.4800109863281,392.20001220703125,383.70001220703125,390.489990234375,13.167140415736608,0.538736619333384
2026-07-06,387.0400085449219,389.1499938964844,381.2200012207031,386.739990234375,13.152853829520089,0.5418252543947574
2026-07-07,392.489990234375,395.57000732421875,388.2200012207031,388.8399963378906,12.997140066964286,0.27571926164218397
2026-07-08,384.0299987792969,385.30999755859375,381.3299865722656,383.3399963378906,12.885711669921875,0.5827036132519847
2026-07-09,374.45001220703125,384.6499938964844,373.3500061035156,384.3599853515625,12.51356942313058,0.2783707810761566
2026-07-10,387.79998779296875,391.9100036621094,381.5,385.1000061035156,12.679284232003349,0.27646585855785705
2026-07-13,387.75,393.6499938964844,384.1499938964844,390.989990234375,12.317855834960938,0.3374194438973041
2026-07-14,382.82000732421875,388.19000244140625,378.6499938964844,384.92999267578125,12.493569510323661,0.4207887790777596
2026-07-15,387.79998779296875,398.9599914550781,386.3999938964844,395.6300048828125,12.488568987165179,0.49145557148650587
2026-07-16,398.30999755859375,405.989990234375,392.04998779296875,401.1000061035156,12.32285635811942,0.461644535214111
2026-07-17,394.8599853515625,398.3900146484375,389.3900146484375,393.82000732421875,11.46071297781808,0.6202458168908346
2026-07-20,391.4100036621094,403.17999267578125,389.6499938964844,402.2900085449219,10.955712454659599,0.47437124206528286
2026-07-21,398.80999755859375,401.4700012207031,396.32000732421875,397.75,10.903570992606026,0.6186351069151571
2026-07-22,399.5799865722656,401.0,386.9599914550781,390.3399963378906,10.777143205915179,0.4998458584273102
2026-07-23,389.9700012207031,391.7799987792969,377.3900146484375,381.5799865722656,11.19785635811942,0.4477109560702335
2026-07-24,387.04998779296875,389.0299987792969,380.6499938964844,381.70001220703125,11.134286063058036,0.385471494002322
2026-07-27,390.0799865722656,394.20001220703125,387.989990234375,389.1000061035156,11.396427699497767,0.39310513547557874
2026-07-28,393.1600036621094,400.32000732421875,391.29998779296875,393.3500061035156,11.661427089146205,0.30838439561987435
2026-07-29,393.3999938964844,401.25,388.739990234375,390.5400085449219,11.747857230050224,0.41358304877703095
2026-07-30,437.8999938964844,458.69000244140625,432.44000244140625,451.1000061035156,15.872142246791295,0.5051572462933531
2026-07-31,450.0,466.8399963378906,449.3299865722656,464.7200012207031,16.444285801478795,0.5331844526389823
2026-08-03,476.1300048828125,491.6499938964844,475.0,487.6499938964844,17.48642839704241,0.6737345482857782
2026-08-04,480.8999938964844,499.44000244140625,479.1700134277344,492.80999755859375,17.932141985212052,0.4373490253494321
2026-08-05,496.3599853515625,498.239990234375,485.67999267578125,487.4599914550781,17.833570207868302,0.5330986367321344
2026-08-06,488.54998779296875,501.55999755859375,488.5199890136719,499.8599853515625,18.004285539899552,0.445244395948648
2026-08-07,499.2099914550781,505.17999267578125,498.7300109863281,499.989990234375,17.498570033482142,0.7558317456439418
2026-08-10,503.44000244140625,513.72998046875,502.2699890136719,506.05999755859375,18.05356924874442,0.48711594999603425
2026-08-11,504.3299865722656,505.3299865722656,499.54998779296875,503.80999755859375,17.515712193080358,0.8080568969904552
2026-08-12,499.989990234375,501.5,491.5199890136719,492.42999267578125,17.365713936941965,0.7958247350076285
2026-08-13,493.2699890136719,501.3399963378906,493.010009765625,496.8800048828125,17.403570992606028,0.5840517450610264
2026-08-14,496.3599853515625,500.010009765625,493.9200134277344,495.3999938964844,16.945713588169642,0.8144338592600073
2026-08-17,490.1400146484375,492.6600036621094,478.4100036621094,480.3500061035156,17.357855660574778,0.7606431162137738
2026-08-18,481.5400085449219,484.2699890136719,477.1499938964844,481.6300048828125,16.972854614257812,0.7637101788996437
2026-08-19,480.07000732421875,489.29998779296875,479.3599853515625,484.30999755859375,12.814998081752233,0.5891041599455841
2026-08-20,483.29998779296875,484.1600036621094,479.5,481.1499938964844,11.907854352678571,0.6740145481834241
2026-08-21,479.8800048828125,486.3599853515625,478.5299987792969,483.239990234375,10.543568202427455,0.6333260382899581
2026-08-24,483.2099914550781,490.6099853515625,481.8599853515625,487.30999755859375,9.720711844308036,0.4670801161199594
2026-08-25,485.44000244140625,492.44000244140625,484.29998779296875,491.7099914550781,9.404998779296875,0.40565777712064294
2026-08-26,487.8500061035156,497.3999938964844,487.30999755859375,496.3699951171875,9.118569510323661,0.34274114315398313
2026-08-27,494.8800048828125,506.4800109863281,490.0799865722656,505.05999755859375,9.829286847795759,0.31393337891214546
2026-08-28,505.3299865722656,517.780029296875,504.8699951171875,513.530029296875,9.770004272460938,0.31207577435608846
2026-08-31,510.3800048828125,512.1900024414062,506.3900146484375,507.2900085449219,9.815004621233259,0.7952735707634714
2026-09-01,497.5199890136719,505.9700012207031,496.7799987792969,501.0199890136719,9.687861851283483,0.7816374757245482
2026-09-02,499.8500061035156,500.2699890136719,493.80999755859375,496.82000732421875,9.566432407924108,0.7542369008579292
2026-09-03,501.6600036621094,515.6500244140625,500.79998779296875,510.1199951171875,10.476433890206474,0.46470829294086363
2026-09-04,510.0,511.0,499.3599853515625,499.70001220703125,10.094292776925224,0.7188444170819904
2026-09-08,493.010009765625,495.19000244140625,490.1499938964844,493.95001220703125,10.267865862165179,0.7017303914612474
2026-09-09,493.07000732421875,494.3900146484375,489.79998779296875,491.6499938964844,9.885724748883929,0.7336360170796832
2026-09-10,488.32000732421875,494.5199890136719,486.0,492.44000244140625,10.150724138532366,0.7037308054975288
2026-09-11,495.6499938964844,498.9700012207031,492.5799865722656,495.6300048828125,10.057867867606026,0.4805825795991662
2026-09-14,497.05999755859375,509.95001220703125,495.3399963378906,505.4100036621094,10.4764404296875,0.38263326558764227
2026-09-15,500.05999755859375,505.8999938964844,495.5400085449219,497.1199951171875,10.635009765625,0.7350786365556367
2026-09-16,493.0299987792969,495.9700012207031,487.2300109863281,490.29998779296875,10.620723179408483,0.6102431879867406
