Date,Equity,Cash,OpenPositions,Phase
2025-03-14 23:59:59,10000.0,10000.0,0,INITIAL
2025-03-15 00:00:00,10000.0,10000.0,0,EOD
2025-03-16 00:00:00,10000.0,10000.0,0,EOD
2025-03-17 00:00:00,10144.741649603144,1973.3909035141992,2,EOD
2025-03-18 00:00:00,10072.948795647597,6072.069690506152,1,EOD
2025-03-19 00:00:00,10272.983152997944,6072.069690506152,1,EOD
2025-03-20 00:00:00,10143.018427054085,6072.069690506152,1,EOD
2025-03-21 00:00:00,10137.023136184092,6072.069690506152,1,EOD
2025-03-22 00:00:00,10145.582062674926,3034.020892127916,2,EOD
2025-03-23 00:00:00,10248.381922399476,6086.155203545697,1,EOD
2025-03-24 00:00:00,10318.25052678322,6086.155203545697,1,EOD
2025-03-25 00:00:00,10316.934404376807,6086.155203545697,1,EOD
2025-03-26 00:00:00,10289.32530772888,6086.155203545697,1,EOD
2025-03-27 00:00:00,10283.022601554094,1965.0810869082115,2,EOD
2025-03-28 00:00:00,9927.566185791804,1965.0810869082115,2,EOD
2025-03-29 00:00:00,9720.590475182828,9720.590475182828,0,EOD
2025-03-30 00:00:00,9702.42426420623,5832.354285109696,1,EOD
2025-03-31 00:00:00,9712.501528116576,5832.354285109696,1,EOD
2025-04-01 00:00:00,9835.664700432102,5832.354285109696,1,EOD
2025-04-02 00:00:00,9479.49015514325,1948.5419992771708,2,EOD
2025-04-03 00:00:00,9469.786262486865,5774.65174632701,1,EOD
2025-04-04 00:00:00,9464.189842483864,9464.189842483864,0,EOD
2025-04-05 00:00:00,9424.339549896478,2845.556889495993,2,EOD
2025-04-06 00:00:00,8903.908763685999,8903.908763685999,0,EOD
2025-04-07 00:00:00,8849.612823439194,5342.345258211599,1,EOD
2025-04-08 00:00:00,8529.249174094655,1877.0888202068259,2,EOD
2025-04-09 00:00:00,8965.172063948856,5203.528144194161,1,EOD
2025-04-10 00:00:00,8959.895683496203,8959.895683496203,0,EOD
2025-04-11 00:00:00,9059.53550946758,5375.937410097722,1,EOD
2025-04-12 00:00:00,9054.025992470526,9054.025992470526,0,EOD
2025-04-13 00:00:00,9054.025992470526,9054.025992470526,0,EOD
2025-04-14 00:00:00,9125.26336937348,2706.84659476318,2,EOD
2025-04-15 00:00:00,9029.347849389178,2706.84659476318,2,EOD
2025-04-16 00:00:00,9027.17217756229,2706.84659476318,2,EOD
2025-04-17 00:00:00,9071.983422163165,2706.84659476318,2,EOD
2025-04-18 00:00:00,9063.625585128591,2706.84659476318,2,EOD
2025-04-19 00:00:00,9130.99336726512,2706.84659476318,2,EOD
2025-04-20 00:00:00,9092.482103418095,2706.84659476318,2,EOD
2025-04-21 00:00:00,9180.526379461662,2706.84659476318,2,EOD
2025-04-22 00:00:00,9739.109778312084,2706.84659476318,2,EOD
2025-04-23 00:00:00,9727.717812454031,9727.717812454031,0,EOD
2025-04-24 00:00:00,9727.717812454031,9727.717812454031,0,EOD
2025-04-25 00:00:00,9753.57053565314,5836.630687472419,1,EOD
2025-04-26 00:00:00,9750.528211249508,5836.630687472419,1,EOD
2025-04-27 00:00:00,9713.63812983529,5836.630687472419,1,EOD
2025-04-28 00:00:00,9764.249847056613,5836.630687472419,1,EOD
2025-04-29 00:00:00,9735.552751399659,5836.630687472419,1,EOD
2025-04-30 00:00:00,9732.348893365164,5836.630687472419,1,EOD
2025-05-01 00:00:00,9826.840575275317,5836.630687472419,1,EOD
2025-05-02 00:00:00,9844.114981759578,5836.630687472419,1,EOD
2025-05-03 00:00:00,9802.006717934031,5836.630687472419,1,EOD
2025-05-04 00:00:00,9736.842435908453,5836.630687472419,1,EOD
2025-05-05 00:00:00,9754.709993885233,5836.630687472419,1,EOD
2025-05-06 00:00:00,9839.665699431145,5836.630687472419,1,EOD
2025-05-07 00:00:00,9849.170338271,5836.630687472419,1,EOD
2025-05-08 00:00:00,10105.934505869569,5836.630687472419,1,EOD
2025-05-09 00:00:00,10099.436232529995,10099.436232529995,0,EOD
2025-05-10 00:00:00,10145.50292497171,7069.605362770997,1,EOD
2025-05-11 00:00:00,10141.029729484017,10141.029729484017,0,EOD
2025-05-12 00:00:00,10141.029729484017,10141.029729484017,0,EOD
2025-05-13 00:00:00,10188.420211049199,6084.61783769041,1,EOD
2025-05-14 00:00:00,10182.168833419659,10182.168833419659,0,EOD
2025-05-15 00:00:00,10182.168833419659,10182.168833419659,0,EOD
2025-05-16 00:00:00,10182.168833419659,10182.168833419659,0,EOD
2025-05-17 00:00:00,10164.344262170272,6109.301300051795,1,EOD
2025-05-18 00:00:00,10292.2511246822,6109.301300051795,1,EOD
2025-05-19 00:00:00,10285.371529470507,10285.371529470507,0,EOD
2025-05-20 00:00:00,10315.337042205809,7199.760070629355,1,EOD
2025-05-21 00:00:00,10310.671834474042,10310.671834474042,0,EOD
2025-05-22 00:00:00,10310.671834474042,10310.671834474042,0,EOD
2025-05-23 00:00:00,10310.671834474042,10310.671834474042,0,EOD
2025-05-24 00:00:00,10310.671834474042,10310.671834474042,0,EOD
2025-05-25 00:00:00,10310.671834474042,10310.671834474042,0,EOD
2025-05-26 00:00:00,10310.671834474042,10310.671834474042,0,EOD
2025-05-27 00:00:00,10310.671834474042,10310.671834474042,0,EOD
2025-05-28 00:00:00,10310.671834474042,10310.671834474042,0,EOD
2025-05-29 00:00:00,10222.206998537853,6186.403100684425,1,EOD
2025-05-30 00:00:00,10159.432744732136,6186.403100684425,1,EOD
2025-05-31 00:00:00,10183.864288046778,6186.403100684425,1,EOD
2025-06-01 00:00:00,10222.602158060308,6186.403100684425,1,EOD
2025-06-02 00:00:00,10216.462560258547,10216.462560258547,0,EOD
2025-06-03 00:00:00,10207.36603402542,0.0,3,EOD
2025-06-04 00:00:00,10193.19190684541,0.0,3,EOD
2025-06-05 00:00:00,10037.285095662413,1930.0212137131678,2,EOD
2025-06-06 00:00:00,10249.572338138974,0.0,3,EOD
2025-06-07 00:00:00,10249.572338138974,0.0,3,EOD
2025-06-08 00:00:00,10249.572338138974,0.0,3,EOD
2025-06-09 00:00:00,10594.998323297192,0.0,3,EOD
2025-06-10 00:00:00,10855.552756486471,0.0,3,EOD
2025-06-11 00:00:00,10836.819115515536,0.0,3,EOD
2025-06-12 00:00:00,10791.240004551084,0.0,3,EOD
2025-06-13 00:00:00,10818.296018101924,0.0,3,EOD
2025-06-14 00:00:00,10818.296018101924,0.0,3,EOD
2025-06-15 00:00:00,10818.296018101924,0.0,3,EOD
2025-06-16 00:00:00,10976.524940419395,0.0,4,EOD
2025-06-17 00:00:00,10858.518398399801,0.0,4,EOD
2025-06-18 00:00:00,10839.068381428811,0.0,4,EOD
2025-06-19 00:00:00,10837.20124904839,0.0,4,EOD
2025-06-20 00:00:00,10654.169615587994,370.4330999929562,3,EOD
2025-06-21 00:00:00,10569.182745310525,1982.894046334966,2,EOD
2025-06-22 00:00:00,10505.378797744605,0.0,3,EOD
2025-06-23 00:00:00,10786.574628552831,0.0,3,EOD
2025-06-24 00:00:00,10794.437880643713,0.0,3,EOD
2025-06-25 00:00:00,10859.718930729685,0.0,3,EOD
2025-06-26 00:00:00,10940.75100161928,0.0,3,EOD
2025-06-27 00:00:00,10904.527854149674,2033.4466755850488,2,EOD
2025-06-28 00:00:00,10904.527854149674,2033.4466755850488,2,EOD
2025-06-29 00:00:00,10904.527854149674,2033.4466755850488,2,EOD
2025-06-30 00:00:00,10909.788432311061,0.0,3,EOD
2025-07-01 00:00:00,10874.009811386826,0.0,3,EOD
2025-07-02 00:00:00,10984.405392206181,0.0,4,EOD
2025-07-03 00:00:00,11111.325391844723,0.0,4,EOD
2025-07-04 00:00:00,11111.325391844723,0.0,4,EOD
2025-07-05 00:00:00,11111.325391844723,0.0,4,EOD
2025-07-06 00:00:00,11111.325391844723,0.0,4,EOD
2025-07-07 00:00:00,11083.038792359934,0.0,5,EOD
2025-07-08 00:00:00,11018.662851458104,0.0,5,EOD
2025-07-09 00:00:00,11189.719873577005,0.0,5,EOD
2025-07-10 00:00:00,11165.68369399188,0.0,5,EOD
2025-07-11 00:00:00,11252.815505331584,0.0,5,EOD
2025-07-12 00:00:00,11252.815505331584,0.0,5,EOD
2025-07-13 00:00:00,11252.815505331584,0.0,5,EOD
2025-07-14 00:00:00,11268.916585066756,0.0,5,EOD
2025-07-15 00:00:00,11349.894116244861,0.0,3,EOD
2025-07-16 00:00:00,11524.600899665114,0.0,3,EOD
2025-07-17 00:00:00,11562.957226767483,0.0,3,EOD
2025-07-18 00:00:00,11464.468034358335,0.0,4,EOD
2025-07-19 00:00:00,11462.03125721825,0.0,4,EOD
2025-07-20 00:00:00,11437.405842384607,0.0,4,EOD
2025-07-21 00:00:00,11456.675502367067,0.0,4,EOD
2025-07-22 00:00:00,11502.05171410264,2323.488876750955,3,EOD
2025-07-23 00:00:00,11487.814101834776,3360.4332144580408,3,EOD
2025-07-24 00:00:00,11492.65888774674,0.0,4,EOD
2025-07-25 00:00:00,11495.612892344718,0.0,4,EOD
2025-07-26 00:00:00,11507.613177000741,0.0,4,EOD
2025-07-27 00:00:00,11565.445700074411,0.0,4,EOD
2025-07-28 00:00:00,11532.746953895728,0.0,3,EOD
2025-07-29 00:00:00,11498.329862393262,0.0,3,EOD
2025-07-30 00:00:00,11571.625518556419,0.0,3,EOD
2025-07-31 00:00:00,11606.787071171544,0.0,3,EOD
2025-08-01 00:00:00,11437.723311150212,11437.723311150212,0,EOD
2025-08-02 00:00:00,11437.723311150212,11437.723311150212,0,EOD
2025-08-03 00:00:00,11437.723311150212,11437.723311150212,0,EOD
2025-08-04 00:00:00,11688.515947783331,0.0,3,EOD
2025-08-05 00:00:00,11368.99392802998,0.0,3,EOD
2025-08-06 00:00:00,11204.715258235492,4265.795564479716,2,EOD
2025-08-07 00:00:00,11557.569345531867,0.0,3,EOD
2025-08-08 00:00:00,11646.973934225727,0.0,3,EOD
2025-08-09 00:00:00,11646.973934225727,0.0,3,EOD
2025-08-10 00:00:00,11646.973934225727,0.0,3,EOD
2025-08-11 00:00:00,11670.007615215462,0.0,3,EOD
2025-08-12 00:00:00,11623.070142677014,0.0,3,EOD
2025-08-13 00:00:00,11553.941508388969,0.0,3,EOD
2025-08-14 00:00:00,11260.18786861188,4528.787482051294,2,EOD
2025-08-15 00:00:00,11059.208909570974,0.0,3,EOD
2025-08-16 00:00:00,11059.208909570974,0.0,3,EOD
2025-08-17 00:00:00,11059.208909570974,0.0,3,EOD
2025-08-18 00:00:00,10952.938617871676,0.0,3,EOD
2025-08-19 00:00:00,10273.18957775363,6099.157652938501,1,EOD
2025-08-20 00:00:00,10310.301538728207,0.0,3,EOD
2025-08-21 00:00:00,10216.744731364304,0.0,3,EOD
2025-08-22 00:00:00,10541.292808421858,0.0,3,EOD
2025-08-23 00:00:00,10541.292808421858,0.0,3,EOD
2025-08-24 00:00:00,10541.292808421858,0.0,3,EOD
2025-08-25 00:00:00,10262.282014359394,0.0,3,EOD
2025-08-26 00:00:00,10591.852759666366,0.0,3,EOD
2025-08-27 00:00:00,10403.178217358043,0.0,3,EOD
2025-08-28 00:00:00,10433.226215634346,0.0,3,EOD
2025-08-29 00:00:00,10204.50756421632,0.0,3,EOD
2025-08-30 00:00:00,10219.578639738302,0.0,3,EOD
2025-08-31 00:00:00,10197.901260254672,0.0,3,EOD
2025-09-01 00:00:00,10236.367982671705,0.0,3,EOD
2025-09-02 00:00:00,10401.97776673962,0.0,3,EOD
2025-09-03 00:00:00,10298.622448890985,0.0,4,EOD
2025-09-04 00:00:00,10412.353965121898,0.0,4,EOD
2025-09-05 00:00:00,10265.781530221735,0.0,4,EOD
2025-09-06 00:00:00,10265.781530221735,0.0,4,EOD
2025-09-07 00:00:00,10265.781530221735,0.0,4,EOD
2025-09-08 00:00:00,10316.085420833302,0.0,4,EOD
2025-09-09 00:00:00,10564.314778147926,0.0,4,EOD
2025-09-10 00:00:00,10512.17133527628,4002.439911938168,3,EOD
2025-09-11 00:00:00,10574.894496841433,0.0,3,EOD
2025-09-12 00:00:00,10685.301182549669,0.0,3,EOD
2025-09-13 00:00:00,10685.301182549669,0.0,3,EOD
2025-09-14 00:00:00,10685.301182549669,0.0,3,EOD
2025-09-15 00:00:00,10714.304756435575,0.0,3,EOD
2025-09-16 00:00:00,10833.613846280743,0.0,3,EOD
2025-09-17 00:00:00,10671.375810864389,0.0,3,EOD
2025-09-18 00:00:00,11219.689817206603,0.0,3,EOD
2025-09-19 00:00:00,11093.725341327403,148.38801034135486,3,EOD
2025-09-20 00:00:00,11104.619611407214,0.0,4,EOD
2025-09-21 00:00:00,11073.890282224424,0.0,4,EOD
2025-09-22 00:00:00,10966.814900577541,5337.566393028217,3,EOD
2025-09-23 00:00:00,10745.642571051869,142.95586890596522,3,EOD
2025-09-24 00:00:00,10782.166884240467,0.0,3,EOD
2025-09-25 00:00:00,10231.274135489348,6319.724261839738,1,EOD
2025-09-26 00:00:00,10313.568937483433,3883.1559646539927,2,EOD
2025-09-27 00:00:00,10302.632600125842,3883.1559646539927,2,EOD
2025-09-28 00:00:00,10464.418206307644,3883.1559646539927,2,EOD
2025-09-29 00:00:00,10540.169636487051,0.0,4,EOD
2025-09-30 00:00:00,10498.566124934976,0.0,4,EOD
2025-10-01 00:00:00,10879.032928925935,0.0,4,EOD
2025-10-02 00:00:00,10741.971379489642,2501.0629254908094,3,EOD
2025-10-03 00:00:00,10815.163934377304,0.0,3,EOD
2025-10-04 00:00:00,10815.163934377304,0.0,3,EOD
2025-10-05 00:00:00,10815.163934377304,0.0,3,EOD
2025-10-06 00:00:00,11029.18029077263,0.0,3,EOD
2025-10-07 00:00:00,10992.798444785545,0.0,4,EOD
2025-10-08 00:00:00,11530.767688901573,0.0,4,EOD
2025-10-09 00:00:00,11500.49151852449,0.0,4,EOD
2025-10-10 00:00:00,11275.000264943588,4446.775261731403,2,EOD
2025-10-11 00:00:00,11275.000264943588,4446.775261731403,2,EOD
2025-10-12 00:00:00,11757.784233727347,0.0,3,EOD
2025-10-13 00:00:00,12017.455286727862,0.0,3,EOD
2025-10-14 00:00:00,11682.212391103058,0.0,3,EOD
2025-10-15 00:00:00,11674.547898632214,0.0,3,EOD
2025-10-16 00:00:00,11482.05496603581,0.0,3,EOD
2025-10-17 00:00:00,11329.723217822044,0.0,3,EOD
2025-10-18 00:00:00,11398.12785829127,0.0,3,EOD
2025-10-19 00:00:00,11446.735921896849,41.89452722574424,3,EOD
2025-10-20 00:00:00,11612.989463581183,0.0,4,EOD
2025-10-21 00:00:00,11501.875609400442,40.451391741800656,3,EOD
2025-10-22 00:00:00,11369.512548984974,0.0,4,EOD
2025-10-23 00:00:00,11520.654199277744,0.0,4,EOD
2025-10-24 00:00:00,11647.546027866112,0.0,4,EOD
2025-10-25 00:00:00,11640.42464739725,4705.177607943207,3,EOD
2025-10-26 00:00:00,11640.42464739725,4705.177607943207,3,EOD
2025-10-27 00:00:00,11777.925132896105,0.0,4,EOD
2025-10-28 00:00:00,11653.33157127707,0.0,4,EOD
2025-10-29 00:00:00,11713.862441356603,0.0,4,EOD
2025-10-30 00:00:00,11621.015499137397,1957.966738868324,4,EOD
2025-10-31 00:00:00,11622.153142979349,0.0,5,EOD
2025-11-01 00:00:00,11643.732974059789,0.0,5,EOD
2025-11-02 00:00:00,11668.191997124855,0.0,5,EOD
2025-11-03 00:00:00,11562.730744861523,0.0,5,EOD
2025-11-04 00:00:00,11281.229178001375,4435.751025068705,3,EOD
2025-11-05 00:00:00,11505.784894084376,0.0,4,EOD
2025-11-06 00:00:00,11146.805588083713,0.0,4,EOD
2025-11-07 00:00:00,10710.448946898065,5744.690842681995,2,EOD
2025-11-08 00:00:00,10710.448946898065,5744.690842681995,2,EOD
2025-11-09 00:00:00,10966.272535075293,0.0,4,EOD
2025-11-10 00:00:00,11081.850123427459,0.0,5,EOD
2025-11-11 00:00:00,10851.278379881342,0.0,6,EOD
2025-11-12 00:00:00,10579.9907047798,0.0,6,EOD
2025-11-13 00:00:00,10207.445762886247,0.0,6,EOD
2025-11-14 00:00:00,10033.7756101429,5169.339682854216,2,EOD
2025-11-15 00:00:00,10075.662965535019,1155.829438797056,3,EOD
2025-11-16 00:00:00,10017.428112136742,1155.829438797056,3,EOD
2025-11-17 00:00:00,9827.796683641105,0.0,4,EOD
2025-11-18 00:00:00,9913.527227847293,0.0,4,EOD
2025-11-19 00:00:00,9598.283736637874,4073.4570567251985,3,EOD
2025-11-20 00:00:00,9149.240941615542,5197.942251402897,2,EOD
2025-11-21 00:00:00,8993.659840558394,3539.8968938099993,3,EOD
2025-11-22 00:00:00,8971.701974923051,0.0,4,EOD
2025-11-23 00:00:00,9057.016718809511,3531.2090606173992,3,EOD
2025-11-24 00:00:00,9288.726680628155,0.0,4,EOD
2025-11-25 00:00:00,9259.107681476124,0.0,4,EOD
2025-11-26 00:00:00,9423.814159883366,0.0,4,EOD
2025-11-27 00:00:00,9418.084735738163,3798.326093851746,3,EOD
2025-11-28 00:00:00,9412.454165593294,0.0,5,EOD
2025-11-29 00:00:00,9412.454165593294,0.0,5,EOD
2025-11-30 00:00:00,9412.454165593294,0.0,5,EOD
2025-12-01 00:00:00,9528.432861457897,0.0,4,EOD
2025-12-02 00:00:00,9683.660022275693,0.0,4,EOD
2025-12-03 00:00:00,9618.310468171989,0.0,4,EOD
2025-12-04 00:00:00,9829.133182495762,0.0,4,EOD
2025-12-05 00:00:00,9867.641569814457,0.0,4,EOD
2025-12-06 00:00:00,9867.641569814457,0.0,4,EOD
2025-12-07 00:00:00,9867.641569814457,0.0,4,EOD
2025-12-08 00:00:00,9923.203904857932,0.0,4,EOD
2025-12-09 00:00:00,9908.558101109064,0.0,3,EOD
2025-12-10 00:00:00,9879.30008135506,0.0,3,EOD
2025-12-11 00:00:00,9758.206655328378,0.0,3,EOD
2025-12-12 00:00:00,9442.518566590084,0.0,4,EOD
2025-12-13 00:00:00,9442.518566590084,0.0,4,EOD
2025-12-14 00:00:00,9442.518566590084,0.0,4,EOD
2025-12-15 00:00:00,9337.60939580917,5569.638202053213,2,EOD
2025-12-16 00:00:00,9389.112516290148,0.0,4,EOD
2025-12-17 00:00:00,9083.475322348666,6430.547754264355,2,EOD
2025-12-18 00:00:00,9097.395031806649,0.0,4,EOD
2025-12-19 00:00:00,9295.523638097586,0.0,4,EOD
2025-12-20 00:00:00,9300.510538037235,0.0,4,EOD
2025-12-21 00:00:00,9309.817370070688,0.0,4,EOD
2025-12-22 00:00:00,9450.277523510622,0.0,5,EOD
2025-12-23 00:00:00,9543.05708691131,0.0,5,EOD
2025-12-24 00:00:00,9517.30022400039,0.0,5,EOD
2025-12-25 00:00:00,9517.30022400039,0.0,5,EOD
2025-12-26 00:00:00,9490.551547246672,0.0,5,EOD
2025-12-27 00:00:00,9490.551547246672,0.0,5,EOD
2025-12-28 00:00:00,9490.551547246672,0.0,5,EOD
2025-12-29 00:00:00,9429.559598240425,0.0,5,EOD
2025-12-30 00:00:00,9390.373466919977,0.0,5,EOD
2025-12-31 00:00:00,9320.255329739364,0.0,5,EOD
2026-01-01 00:00:00,9320.255329739364,0.0,5,EOD
2026-01-02 00:00:00,9610.136910335255,0.0,5,EOD
2026-01-03 00:00:00,9610.136910335255,0.0,5,EOD
2026-01-04 00:00:00,9610.136910335255,0.0,5,EOD
2026-01-05 00:00:00,9875.19126582974,0.0,5,EOD
2026-01-06 00:00:00,9810.212154226921,0.0,4,EOD
2026-01-07 00:00:00,9780.721307966953,0.0,4,EOD
2026-01-08 00:00:00,9760.434183911295,0.0,3,EOD
2026-01-09 00:00:00,9793.797090494856,0.0,3,EOD
2026-01-10 00:00:00,9788.453644388544,0.0,3,EOD
2026-01-11 00:00:00,9807.080766784595,0.0,3,EOD
2026-01-12 00:00:00,9956.831368630585,0.0,3,EOD
2026-01-13 00:00:00,10219.985068280495,1921.890129383247,2,EOD
2026-01-14 00:00:00,10181.24191018203,0.0,3,EOD
2026-01-15 00:00:00,10203.324540093497,0.0,3,EOD
2026-01-16 00:00:00,10286.487208548215,0.0,3,EOD
2026-01-17 00:00:00,10286.487208548215,0.0,3,EOD
2026-01-18 00:00:00,10286.487208548215,0.0,3,EOD
2026-01-19 00:00:00,10286.487208548215,0.0,3,EOD
2026-01-20 00:00:00,10172.155819266001,5761.00937851651,1,EOD
2026-01-21 00:00:00,10266.543478666112,0.0,3,EOD
2026-01-22 00:00:00,10337.447485748447,0.0,3,EOD
2026-01-23 00:00:00,10366.391110827799,0.0,3,EOD
2026-01-24 00:00:00,10366.391110827799,0.0,3,EOD
2026-01-25 00:00:00,10366.391110827799,0.0,3,EOD
2026-01-26 00:00:00,10559.082879215237,0.0,3,EOD
2026-01-27 00:00:00,10596.22950635108,0.0,3,EOD
2026-01-28 00:00:00,10423.834132836875,0.0,3,EOD
2026-01-29 00:00:00,9985.156618171422,3705.926987075429,2,EOD
2026-01-30 00:00:00,9816.75451531038,1902.8373010307187,2,EOD
2026-01-31 00:00:00,9694.893130795619,1780.9759165159578,2,EOD
2026-02-01 00:00:00,9654.86656927644,0.0,3,EOD
2026-02-02 00:00:00,9794.861626732214,0.0,3,EOD
2026-02-03 00:00:00,9924.70975799186,0.0,3,EOD
2026-02-04 00:00:00,9493.84209341276,3606.5487502275782,2,EOD
2026-02-05 00:00:00,8995.50512533143,5573.604975075896,1,EOD
2026-02-06 00:00:00,9830.435327761483,0.0,3,EOD
2026-02-07 00:00:00,9830.435327761483,0.0,3,EOD
2026-02-08 00:00:00,9830.435327761483,0.0,3,EOD
2026-02-09 00:00:00,9882.262616686443,0.0,3,EOD
2026-02-10 00:00:00,9573.610295608521,0.0,3,EOD
2026-02-11 00:00:00,9126.75593459369,0.0,4,EOD
2026-02-12 00:00:00,8709.230036777988,0.0,4,EOD
2026-02-13 00:00:00,9378.040198153336,0.0,4,EOD
2026-02-14 00:00:00,9378.432785545176,0.0,4,EOD
2026-02-15 00:00:00,9378.386490337949,30.05972196303349,3,EOD
2026-02-16 00:00:00,9378.367936245577,0.0,4,EOD
2026-02-17 00:00:00,9296.955448117356,0.0,4,EOD
2026-02-18 00:00:00,9235.92780339587,0.0,4,EOD
2026-02-19 00:00:00,9307.916419011915,0.0,4,EOD
2026-02-20 00:00:00,9411.339859064128,0.0,3,EOD
2026-02-21 00:00:00,9416.456395595646,0.0,3,EOD
2026-02-22 00:00:00,9399.167816831363,0.0,3,EOD
2026-02-23 00:00:00,9120.867114394392,0.0,3,EOD
2026-02-24 00:00:00,9111.21355679882,0.0,3,EOD
2026-02-25 00:00:00,9524.62577633779,0.0,3,EOD
2026-02-26 00:00:00,9495.079971685285,0.0,3,EOD
2026-02-27 00:00:00,9411.86886110255,0.0,3,EOD
2026-02-28 00:00:00,9353.758706761528,2037.147719732752,2,EOD
2026-03-01 00:00:00,9353.758706761528,2037.147719732752,2,EOD
2026-03-02 00:00:00,9631.863076290709,0.0,3,EOD
2026-03-03 00:00:00,9421.90820280539,792.7124580583027,3,EOD
2026-03-04 00:00:00,9617.39782540486,0.0,4,EOD
2026-03-05 00:00:00,9477.382014293455,0.0,4,EOD
2026-03-06 00:00:00,9314.38136311234,0.0,4,EOD
2026-03-07 00:00:00,9314.38136311234,0.0,4,EOD
2026-03-08 00:00:00,9314.38136311234,0.0,4,EOD
2026-03-09 00:00:00,9311.946598430917,2644.1644959650685,3,EOD
2026-03-10 00:00:00,9355.494106029024,0.0,4,EOD
2026-03-11 00:00:00,9393.386839636889,0.0,4,EOD
2026-03-12 00:00:00,9217.53262338104,0.0,4,EOD
2026-03-13 00:00:00,9120.103915507072,0.0,4,EOD
2026-03-14 00:00:00,9120.103915507072,0.0,4,EOD
2026-03-15 00:00:00,9120.103915507072,0.0,4,EOD
2026-03-16 00:00:00,9175.44244857148,0.0,4,EOD
2026-03-17 00:00:00,9192.304527171187,0.0,4,EOD
2026-03-18 00:00:00,9009.327472521803,3545.591279667308,3,EOD
2026-03-19 00:00:00,8960.632450755073,4543.869720278091,2,EOD
2026-03-20 00:00:00,8804.32688350411,808.3630087186236,3,EOD
2026-03-21 00:00:00,8804.32688350411,808.3630087186236,3,EOD
2026-03-22 00:00:00,8792.637861802008,0.0,4,EOD
2026-03-23 00:00:00,8943.16279582915,0.0,4,EOD
2026-03-24 00:00:00,8764.26695949779,3397.7870176720367,3,EOD
2026-03-25 00:00:00,8739.924735523065,0.0,4,EOD
2026-03-26 00:00:00,8360.09524633352,3239.849220107428,3,EOD
2026-03-27 00:00:00,8158.982657508373,4202.782485521775,2,EOD
2026-03-28 00:00:00,8158.982657508373,4202.782485521775,2,EOD
2026-03-29 00:00:00,8136.166121116352,939.1894225184255,3,EOD
2026-03-30 00:00:00,8131.343080018296,0.0,3,EOD
2026-03-31 00:00:00,8632.093039670483,0.0,3,EOD
2026-04-01 00:00:00,8620.186483241185,0.0,3,EOD
2026-04-02 00:00:00,8654.169586045347,0.0,3,EOD
2026-04-03 00:00:00,8654.169586045347,0.0,3,EOD
2026-04-04 00:00:00,8654.169586045347,0.0,3,EOD
2026-04-05 00:00:00,8654.169586045347,0.0,3,EOD
2026-04-06 00:00:00,8708.567402309573,0.0,3,EOD
2026-04-07 00:00:00,8667.77345507406,0.0,3,EOD
2026-04-08 00:00:00,8540.596128253577,0.0,3,EOD
2026-04-09 00:00:00,8459.198149120997,3171.2711657404884,2,EOD
2026-04-10 00:00:00,8523.201615874892,0.0,3,EOD
2026-04-11 00:00:00,8523.201615874892,0.0,3,EOD
2026-04-12 00:00:00,8523.201615874892,0.0,3,EOD
2026-04-13 00:00:00,8641.783426628088,0.0,3,EOD
2026-04-14 00:00:00,8793.050235622986,0.0,3,EOD
2026-04-15 00:00:00,8892.410188502034,0.0,3,EOD
2026-04-16 00:00:00,9203.013126235952,0.0,3,EOD
2026-04-17 00:00:00,9264.331899143235,0.0,3,EOD
2026-04-18 00:00:00,9264.331899143235,0.0,3,EOD
2026-04-19 00:00:00,9264.331899143235,0.0,3,EOD
2026-04-20 00:00:00,9250.317846668466,0.0,3,EOD
2026-04-21 00:00:00,9147.076918094433,3302.4284771806592,3,EOD
2026-04-22 00:00:00,9372.792374780413,0.0,4,EOD
2026-04-23 00:00:00,8768.708621290582,1970.0574814561742,3,EOD
2026-04-24 00:00:00,8986.873578283876,0.0,4,EOD
2026-04-25 00:00:00,8986.873578283876,0.0,4,EOD
2026-04-26 00:00:00,8986.873578283876,0.0,4,EOD
2026-04-27 00:00:00,8900.470756798468,0.0,4,EOD
2026-04-28 00:00:00,8851.287807079485,0.0,4,EOD
2026-04-29 00:00:00,8629.308047966784,3024.2405259649945,3,EOD
2026-04-30 00:00:00,8522.645031050153,3515.1376309100456,3,EOD
2026-05-01 00:00:00,8506.862236764264,0.0,5,EOD
2026-05-02 00:00:00,8506.797158233388,42.87786771573569,4,EOD
2026-05-03 00:00:00,8506.668372929204,0.0,5,EOD
2026-05-04 00:00:00,8455.007255310988,0.0,6,EOD
2026-05-05 00:00:00,8351.974896044461,0.0,5,EOD
2026-05-06 00:00:00,8962.705124739918,0.0,5,EOD
2026-05-07 00:00:00,8879.08129051855,0.0,5,EOD
2026-05-08 00:00:00,8984.976874787713,0.0,5,EOD
2026-05-09 00:00:00,8989.882898057465,0.0,5,EOD
2026-05-10 00:00:00,9005.029912861683,0.0,5,EOD
2026-05-11 00:00:00,8831.093894251346,0.0,5,EOD
2026-05-12 00:00:00,8769.603301375462,0.0,5,EOD
2026-05-13 00:00:00,8732.684580189514,0.0,5,EOD
2026-05-14 00:00:00,8811.58965559707,0.0,5,EOD
2026-05-15 00:00:00,8536.481881004254,2960.5942414229053,4,EOD
2026-05-16 00:00:00,8483.877211654151,2960.5942414229053,4,EOD
2026-05-17 00:00:00,8432.207711457397,5862.799026454913,2,EOD
2026-05-18 00:00:00,8381.439600604834,0.0,4,EOD
2026-05-19 00:00:00,8289.046723960058,0.0,4,EOD
2026-05-20 00:00:00,8384.071764071181,0.0,4,EOD
2026-05-21 00:00:00,8338.92019557007,0.0,4,EOD
2026-05-22 00:00:00,8213.703330841461,0.0,4,EOD
2026-05-23 00:00:00,8274.035228423727,0.0,4,EOD
2026-05-24 00:00:00,8252.922049519691,0.0,4,EOD
2026-05-25 00:00:00,8268.649148958908,0.0,4,EOD
2026-05-26 00:00:00,8222.018396234424,0.0,4,EOD
2026-05-27 00:00:00,8218.731085161213,0.0,4,EOD
2026-05-28 00:00:00,8201.814614415582,2326.1764540699037,3,EOD
2026-05-29 00:00:00,8147.079929412608,0.0,4,EOD
2026-05-30 00:00:00,8159.155383067187,0.0,4,EOD
2026-05-31 00:00:00,8153.623267743458,0.0,4,EOD
2026-06-01 00:00:00,8251.010376615046,2427.2141273623047,3,EOD
2026-06-02 00:00:00,8047.420672895618,2166.8078511541257,2,EOD
2026-06-03 00:00:00,7975.953929079641,0.0,3,EOD
2026-06-04 00:00:00,7941.129719637218,3163.5984551647407,2,EOD
2026-06-05 00:00:00,7674.096104923219,5552.109450916107,2,EOD
2026-06-06 00:00:00,7674.096104923219,5552.109450916107,2,EOD
2026-06-07 00:00:00,7674.096104923219,5552.109450916107,2,EOD
2026-06-08 00:00:00,7717.492484139022,2030.0369389455152,3,EOD
2026-06-09 00:00:00,7613.42028498769,0.0,4,EOD
2026-06-10 00:00:00,7437.745204492646,2922.212944458551,3,EOD
2026-06-11 00:00:00,7490.663577635416,0.0,4,EOD
2026-06-12 00:00:00,7454.109646256305,1435.2070670449743,3,EOD
2026-06-13 00:00:00,7454.109646256305,1435.2070670449743,3,EOD
2026-06-14 00:00:00,7454.109646256305,1435.2070670449743,3,EOD
2026-06-15 00:00:00,7681.462862866364,0.0,4,EOD
2026-06-16 00:00:00,7702.669129788493,0.0,4,EOD
2026-06-17 00:00:00,7407.816711996793,0.0,4,EOD
2026-06-18 00:00:00,7507.877129485446,61.11657388641702,3,EOD
2026-06-19 00:00:00,7507.877129485446,61.11657388641702,3,EOD
2026-06-20 00:00:00,7508.461551586401,0.0,4,EOD
2026-06-21 00:00:00,7507.499018184568,0.0,4,EOD
2026-06-22 00:00:00,7436.304296017461,0.0,4,EOD
2026-06-23 00:00:00,7271.530446101717,2942.750101627109,3,EOD
2026-06-24 00:00:00,7264.170084827217,58.362227119779575,4,EOD
2026-06-25 00:00:00,7243.975095501357,2870.117891478195,4,EOD
2026-06-26 00:00:00,7275.645846434098,1314.686917066417,4,EOD
2026-06-27 00:00:00,7275.645846434098,1314.686917066417,4,EOD
2026-06-28 00:00:00,7272.669738426021,0.0,5,EOD
2026-06-29 00:00:00,7338.269639392463,0.0,5,EOD
2026-06-30 00:00:00,7303.177764862195,0.0,5,EOD
2026-07-01 00:00:00,7622.473885521413,0.0,5,EOD
2026-07-02 00:00:00,7477.090489817812,0.0,5,EOD
2026-07-03 00:00:00,7477.090489817812,0.0,5,EOD
2026-07-04 00:00:00,7477.090489817812,0.0,5,EOD
2026-07-05 00:00:00,7477.090489817812,0.0,5,EOD
2026-07-06 00:00:00,7654.137533604959,0.0,5,EOD
2026-07-07 00:00:00,7643.613304612242,0.0,4,EOD
2026-07-08 00:00:00,7570.852720046158,0.0,4,EOD
2026-07-09 00:00:00,7749.277594534151,0.0,4,EOD
2026-07-10 00:00:00,7935.064744608738,0.0,4,EOD
2026-07-11 00:00:00,7935.064744608738,0.0,4,EOD
2026-07-12 00:00:00,7935.064744608738,0.0,4,EOD
2026-07-13 00:00:00,7736.311428199795,2905.1735951515157,3,EOD
2026-07-14 00:00:00,7737.324311655626,0.0,4,EOD
2026-07-15 00:00:00,7817.912897762968,1222.0347908620868,3,EOD
2026-07-16 00:00:00,7678.270054718672,0.0,3,EOD
2026-07-17 00:00:00,7510.505021759111,0.0,3,EOD
2026-07-18 00:00:00,7510.505021759111,0.0,3,EOD
2026-07-19 00:00:00,7510.505021759111,0.0,3,EOD
2026-07-20 00:00:00,7588.747210124608,0.0,3,EOD
2026-07-21 00:00:00,7630.482298543813,0.0,3,EOD
2026-07-22 00:00:00,7291.107361552371,0.0,3,EOD
2026-07-23 00:00:00,7126.5327288759745,3204.210523759895,2,EOD
2026-07-24 00:00:00,7018.942194636562,1059.201527031354,3,EOD
2026-07-25 00:00:00,7024.771992408456,0.0,4,EOD
2026-07-26 00:00:00,7070.363817971371,0.0,4,EOD
2026-07-27 00:00:00,7195.758112291497,0.0,4,EOD
2026-07-28 00:00:00,6912.470556168919,3103.7060340432445,2,EOD
2026-07-29 00:00:00,6753.302448910172,0.0,4,EOD
2026-07-30 00:00:00,6933.869452555925,0.0,4,EOD
2026-07-31 00:00:00,6559.935979933566,2364.80649239341,3,EOD
2026-08-01 00:00:00,6541.3322352590985,3403.9130847298875,2,EOD
2026-08-02 00:00:00,6592.830803835097,787.3801906262479,3,EOD
2026-08-03 00:00:00,6668.215166646716,0.0,4,EOD
2026-08-04 00:00:00,6700.64509407756,0.0,4,EOD
2026-08-05 00:00:00,6766.246927387794,0.0,4,EOD
2026-08-06 00:00:00,6763.5562540246965,0.0,4,EOD
2026-08-07 00:00:00,6804.722626241852,0.0,4,EOD
2026-08-08 00:00:00,6807.916488419271,0.0,4,EOD
2026-08-09 00:00:00,6798.207915546175,0.0,4,EOD
2026-08-10 00:00:00,6730.3725944514235,0.0,4,EOD
2026-08-11 00:00:00,6755.329459758917,0.0,4,EOD
2026-08-12 00:00:00,6630.499660370867,0.0,4,EOD
2026-08-13 00:00:00,6730.888610926049,0.0,4,EOD
2026-08-14 00:00:00,6687.080222361422,0.0,3,EOD
2026-08-15 00:00:00,6687.446302875339,0.0,3,EOD
2026-08-16 00:00:00,6677.574585425388,0.0,3,EOD
2026-08-17 00:00:00,6647.179307578591,0.0,3,EOD
2026-08-18 00:00:00,6556.540025414499,2589.9251159646587,3,EOD
2026-08-19 00:00:00,6582.68370544053,0.0,4,EOD
2026-08-20 00:00:00,6590.904336109752,0.0,4,EOD
2026-08-21 00:00:00,6659.72429847182,0.0,4,EOD
2026-08-22 00:00:00,6659.72429847182,0.0,4,EOD
2026-08-23 00:00:00,6659.72429847182,0.0,4,EOD
2026-08-24 00:00:00,6654.636287278678,0.0,4,EOD
2026-08-25 00:00:00,6757.528070124944,0.0,4,EOD
2026-08-26 00:00:00,6767.212240044496,0.0,4,EOD
2026-08-27 00:00:00,6806.73725985078,0.0,4,EOD
2026-08-28 00:00:00,6740.619944058703,1303.699377950234,3,EOD
2026-08-29 00:00:00,6741.28950412968,1303.699377950234,3,EOD
2026-08-30 00:00:00,6739.532890797925,1303.699377950234,3,EOD
2026-08-31 00:00:00,6701.248341944629,0.0,4,EOD
2026-09-01 00:00:00,6683.125816992379,0.0,4,EOD
2026-09-02 00:00:00,6764.317657856109,0.0,4,EOD
2026-09-03 00:00:00,6908.3214581883585,0.0,4,EOD
2026-09-04 00:00:00,6928.599696205524,0.0,4,EOD
2026-09-05 00:00:00,6929.689414500103,0.0,4,EOD
2026-09-06 00:00:00,6931.183764768734,0.0,4,EOD
2026-09-07 00:00:00,6930.141186282555,0.0,4,EOD
2026-09-08 00:00:00,6889.572586726899,0.0,4,EOD
2026-09-09 00:00:00,7070.700469586258,0.0,4,EOD
2026-09-10 00:00:00,7008.486768732775,0.0,5,EOD
2026-09-11 00:00:00,7079.243468487957,0.0,5,EOD
2026-09-12 00:00:00,7082.910761602038,0.0,5,EOD
2026-09-13 00:00:00,7066.564254524669,0.0,5,EOD
2026-09-14 00:00:00,7093.58667976514,1249.204980485006,4,EOD
2026-09-15 00:00:00,7034.861972308829,0.0,4,EOD
2026-09-16 00:00:00,7011.674983025836,0.0,4,EOD
2026-09-17 00:00:00,7288.22371501246,0.0,5,EOD
2026-09-18 00:00:00,7500.261840652371,0.0,5,EOD
2026-09-19 00:00:00,7511.56503815213,27.836707439012514,4,EOD
2026-09-20 00:00:00,7508.455380081305,27.836707439012514,4,EOD
2026-09-21 00:00:00,7818.37993468783,0.0,5,EOD
2026-09-22 00:00:00,7776.482660790297,3287.885361049207,2,EOD
2026-09-23 00:00:00,7842.699038266797,0.0,4,EOD
2026-09-24 00:00:00,7992.00350142296,0.0,4,EOD
2026-09-25 00:00:00,7992.00350142296,0.0,4,EOD
2026-09-26 00:00:00,7980.019492172576,7980.019492172576,0,FINAL_LIQUIDATED
