Ticker,EntryDate,ExitDate,EntryPrice,ExitPrice,Shares,EntryCost,PnL,Return,Reason
ETH-USD,2025-03-17,2025-03-18,1888.3929433593748,1926.0422344360352,2.1301617873202296,4026.609096485801,72.06969050615271,0.017898357843837163,ML_EXIT
ETH-USD,2025-03-22,2025-03-23,1965.9228999023437,1978.9936507568361,1.5438096528254595,3038.0487983782364,14.085513039544367,0.004636368266060591,ML_EXIT
BTC-USD,2025-03-17,2025-03-29,82617.62410546874,82303.45965945872,0.04836740396817452,4000.0,-23.17612335393187,-0.0057940308384829674,ATR_STOP
ETH-USD,2025-03-27,2025-03-29,2009.9450220336912,1846.6454701072169,2.0482913698580947,4121.0741166374855,-342.38860500893725,-0.08308237010993215,ATR_STOP
BTC-USD,2025-03-30,2025-04-03,82638.28286718749,81480.764070173,0.04700421909934656,3888.236190073131,-62.12644302329136,-0.015978052768991603,ATR_STOP
ETH-USD,2025-04-02,2025-04-04,1906.437361450195,1814.7020583496094,2.035172281031723,3883.8122858325255,-194.27418967567246,-0.05002151890408068,ML_EXIT
BTC-USD,2025-04-05,2025-04-06,83886.62547656249,78114.70483569922,0.04508335195952296,3785.6759369935457,-267.5248784027899,-0.07066766486495646,ATR_STOP
ETH-USD,2025-04-05,2025-04-06,1816.2526431884764,1631.8241229111065,1.5582215775939505,2832.9570159943246,-292.75620039507385,-0.1033394431127014,ATR_STOP
BTC-USD,2025-04-08,2025-04-09,79258.08580078125,76235.42571875,0.04367745128576705,3465.256438004773,-138.8171140174377,-0.04005969442693421,ML_EXIT
ETH-USD,2025-04-07,2025-04-10,1577.7383040161133,1667.3676813354493,2.255128073465717,3561.5635054744,194.8040338276428,0.05469621235960383,ML_EXIT
ETH-USD,2025-04-11,2025-04-12,1523.234258972168,1566.3721838378908,2.350508002321987,3583.958273398481,94.13030897432236,0.02626434288395425,ML_EXIT
BTC-USD,2025-04-14,2025-04-23,83736.37069921875,93380.87214453125,0.04320689750917253,3621.6103969882106,409.05267730562946,0.11294773111039338,ML_EXIT
ETH-USD,2025-04-14,2025-04-23,1597.6802768554687,1756.3179349365234,1.7042480095438604,2725.5690007191356,264.63914267787595,0.09709500754082963,ML_EXIT
BTC-USD,2025-04-25,2025-05-09,94001.22712499999,103187.5054375,0.04135260950037977,3891.0871249816128,371.7184200759639,0.09553073681888334,ML_EXIT
BTC-USD,2025-05-10,2025-05-11,103025.19779296874,104648.71977734375,0.029379230554564515,3029.8308697589987,41.593496954019884,0.01372799299431798,ML_EXIT
BTC-USD,2025-05-13,2025-05-14,102863.89843359374,104115.24446093751,0.03939531304579039,4056.4118917936066,41.13910393564311,0.01014174719753442,ML_EXIT
BTC-USD,2025-05-17,2025-05-19,103541.03370703124,106377.315984375,0.039296446250933974,4072.867533367864,103.20269605084923,0.02533907503873829,ML_EXIT
BTC-USD,2025-05-20,2025-05-21,105658.208953125,106737.91684375,0.02917450407237043,3085.611458841152,25.300305003534504,0.008199446152250295,ML_EXIT
BTC-USD,2025-05-29,2025-06-02,107849.46809765624,105596.98759375,0.03820273328863422,4124.268733789617,-94.2092742154955,-0.022842661401680914,ML_EXIT
GLD,2025-06-03,2025-06-05,309.71477755737305,311.08437023925785,13.190685551443993,4089.4396810758067,9.873010611430345,0.002414269773220633,ML_EXIT
PLTR,2025-06-03,2025-06-05,133.13654232788085,121.96410355261013,15.310578009485912,2040.4378550793222,-174.96427420186615,-0.08574839648574566,ATR_STOP
TSLA,2025-06-05,2025-06-05,322.65123522949216,293.57152342936485,0.22009030142304875,71.08349110728523,-6.535858271573488,-0.09194621943524155,ATR_STOP
GOOGL,2025-06-05,2025-06-09,170.42516633605956,174.45272328948977,23.612715527260175,4028.229200579952,86.95402488261516,0.02158616616703345,ML_EXIT
PLTR,2025-06-06,2025-06-09,123.79186835861205,127.01145944976807,15.575265306716082,1930.0212137131678,46.23772703225791,0.023957108193283092,ML_EXIT
GLD,2025-06-09,2025-06-10,305.5427096557617,308.15584255981446,6.482899753716523,1982.7855427199365,12.960149681554867,0.006536334566862159,ML_EXIT
TSLA,2025-06-09,2025-06-16,286.1029714508056,331.1243635406494,14.346401038936188,4108.6566234880565,637.0358467154838,0.1550472344351498,ML_EXIT
MSFT,2025-06-03,2025-06-17,461.70073622131343,475.16229389953617,8.842304373373134,4086.585024103419,110.74307567704955,0.027099173276431743,ML_EXIT
AAPL,2025-06-10,2025-06-17,200.70030610656738,197.1013969497681,9.933965649511531,1995.7456924014914,-39.70518413852801,-0.019894911606072693,ML_EXIT
ARM,2025-06-16,2025-06-20,137.318625,146.63164933013917,2.650270268647344,364.2957649339678,23.929122227760843,0.06568597423057672,ML_EXIT
GOOGL,2025-06-20,2025-06-20,174.0369719467163,166.39372936471722,2.2284728235406677,388.22488716172865,-17.79178716877243,-0.04582855905721634,ATR_STOP
ETH-USD,2025-06-17,2025-06-21,2541.5846103515623,2289.0657013070245,0.705123937876383,1793.926074972078,-181.46512863006797,-0.10115529907378844,ATR_STOP
GLD,2025-06-17,2025-06-24,312.81633366394044,304.91747232055667,13.9221729234157,4359.442533071354,-118.5738698307614,-0.027199319392615703,ML_EXIT
META,2025-06-16,2025-06-25,699.6796820983886,712.9633473205566,6.255741620847594,4381.3967052695725,74.25766621648108,0.016948400524237,ML_EXIT
ETH-USD,2025-06-22,2025-06-25,2299.9921948242186,2447.5129360351566,0.8612686411485958,1982.894046334966,122.96412813703068,0.062012455160833445,ML_EXIT
PLTR,2025-06-25,2025-06-27,144.56225049591063,133.58513575444903,15.237340189437957,2204.9491384954317,-171.50246291038297,-0.07778068886768487,ATR_STOP
GOOGL,2025-06-24,2025-07-02,167.00345816802977,175.45222328948975,25.368503389401003,4240.8686632405925,205.6406976355729,0.04849023017808711,ML_EXIT
TSLA,2025-07-02,2025-07-03,312.7863198852539,317.83099523925785,0.17319780523284337,54.228132243227265,0.7644509363720786,0.0140969438693429,ML_EXIT
AAPL,2025-06-25,2025-07-07,201.5507219467163,212.57365267944337,21.5936058279451,4356.563407462619,229.07802623842144,0.052582277546108926,ML_EXIT
GLD,2025-07-07,2025-07-08,305.22254232788083,306.1468377990723,0.4172666296810951,127.48666820805829,0.13044612868955596,0.0010232138820717145,ML_EXIT
PLTR,2025-06-30,2025-07-10,137.85888828277587,143.23834255981447,14.735453435128775,2033.4466755850488,75.12456940320658,0.03694445018165636,ML_EXIT
NVDA,2025-07-03,2025-07-11,158.4491801147461,163.6381412200928,0.34672057347747026,54.99258317959934,1.687390276851879,0.030683960986903628,ML_EXIT
AMZN,2025-07-08,2025-07-14,224.03195816802977,224.95747232055666,0.569068351966065,127.61711433674785,0.27104752112710173,0.002123912004559819,ML_EXIT
TSM,2025-07-10,2025-07-15,232.89638877868651,234.34277671051026,9.044634331986002,2108.5712449882553,8.853933976866756,0.00419902054431937,ML_EXIT
ARM,2025-07-11,2025-07-15,146.75333267211914,148.3008125,0.3858399155370753,56.67997345645122,0.48317913965934167,0.008524688883818576,ML_EXIT
SMCI,2025-07-14,2025-07-15,49.264621679306025,51.84406393241883,2.5933473015927726,127.88816185787495,6.427051781563861,0.05025525184032586,ML_EXIT
MSFT,2025-07-02,2025-07-16,490.23498522949217,504.9274026794434,8.950583046108422,4392.281228632938,122.59402665530979,0.02791124253522951,ML_EXIT
GOOGL,2025-07-07,2025-07-16,179.14952755737303,183.1483854904175,24.860219680463192,4458.154765492982,90.40122282354059,0.020277721967676923,ML_EXIT
GLD,2025-07-15,2025-07-16,307.8838759918213,306.95643035888673,7.491768233152761,2308.9035452006715,-11.55675770992093,-0.0050053012105867375,ML_EXIT
NVDA,2025-07-16,2025-07-17,171.14552755737304,171.93399427032472,13.192318952843614,2260.0664533428944,5.8734298163653875,0.0025987863355424437,ML_EXIT
AMD,2025-07-16,2025-07-18,155.38765255737303,159.51020133972168,29.293472744035743,4556.400365314417,111.53476229103308,0.024478701024627045,ML_EXIT
QQQ,2025-07-18,2025-07-21,563.4015551147461,561.808981842041,2.1568500530116403,1216.3890630791598,-5.863068543006193,-0.004820060226589392,ML_EXIT
AMZN,2025-07-17,2025-07-22,223.43166732788086,229.56515267944337,10.131392610315219,2265.93988315926,57.54899359169531,0.025397405297204224,ML_EXIT
MSFT,2025-07-18,2025-07-23,514.7372204589843,502.1531499793352,6.698747208113578,3451.5460645262906,-91.11285006824983,-0.026397692038554514,ATR_STOP
GLD,2025-07-24,2025-07-25,309.4446535491943,307.6660973205567,10.848701836465526,3360.4332144580408,-25.993237193355526,-0.0077350851912549095,ML_EXIT
PLTR,2025-07-21,2025-07-28,153.9569448852539,159.8000648803711,7.854893908442623,1210.5259945361536,43.431349105211666,0.035878080521396474,ML_EXIT
TSM,2025-07-23,2025-07-28,238.63926427459717,242.8785,9.726670063830268,2323.488876750955,36.54775931194672,0.015729689811579038,ML_EXIT
AMZN,2025-07-28,2025-07-29,233.46668110656736,234.03291889953616,15.464219427853097,3613.993979704267,1.5232950879048985,0.0004214990662573128,ML_EXIT
BTC-USD,2025-07-16,2025-08-01,117836.07609374999,114259.55760184153,0.0385261207918528,4544.311212438209,-146.7356721637907,-0.032289969877538606,ATR_STOP
NVDA,2025-07-25,2025-08-01,173.69680561065672,172.7118159411294,19.177701775092686,3334.4399772646852,-25.53649381016021,-0.0076584056046222065,ATR_STOP
MSFT,2025-07-29,2025-08-01,515.7877943115234,533.3635428357805,7.002689472980972,3615.517274792172,115.72701262909641,0.03200842475182162,ATR_STOP
MSFT,2025-08-04,2025-08-05,528.5341545410156,536.9114026794434,8.794942200467364,4653.080420581699,64.30222800252614,0.013819281463114593,ML_EXIT
TSLA,2025-08-04,2025-08-05,309.23452656555173,308.79553720092775,7.138090423012339,2209.5535661084277,-7.547309812297954,-0.0034157623187161014,ML_EXIT
AMD,2025-08-05,2025-08-06,177.65879232788086,164.786360284753,25.91273709020028,4608.233811166034,-342.43824668631805,-0.07431008510387845,ATR_STOP
AAPL,2025-08-07,2025-08-12,218.9894448852539,227.89598950958253,19.459977950755537,4265.795564479716,164.62051551145305,0.03859081219977105,ML_EXIT
TSM,2025-08-05,2025-08-14,238.4491668319702,237.8510162200928,9.68275112593536,2311.155093714322,-10.405950799458878,-0.004502489178575715,ML_EXIT
GLD,2025-08-12,2025-08-14,308.37411122131346,307.77602767944336,14.352649923763357,4430.416079991169,-17.43190136182602,-0.003934596897242385,ML_EXIT
MSTR,2025-08-04,2025-08-14,372.95637400817867,369.9213703024728,12.254822691501705,4575.089324460085,-46.301842408790435,-0.010120423695608305,ATR_STOP
MSFT,2025-08-14,2025-08-15,522.821277557373,522.5086345214844,4.203949859977035,2200.1145511314644,-5.711050299011276,-0.0025957967943415605,ML_EXIT
MSTR,2025-08-15,2025-08-19,372.39609645080566,336.180789749103,11.988017606616449,4468.759720608104,-442.6486353161531,-0.09905402460437457,ATR_STOP
PLTR,2025-08-15,2025-08-19,179.81486860656736,165.67870194396642,12.524975539932138,2254.4312622756433,-181.3846946290928,-0.0804569638756701,ATR_STOP
AMD,2025-08-14,2025-08-20,179.9199168319702,164.01795610046386,25.061734304009526,4513.6187704127415,-407.15490797309485,-0.09020586998663672,ML_EXIT
GLD,2025-08-20,2025-08-25,307.6937785491943,309.51517842102055,13.323862659653782,4103.773420039429,16.040370592125328,0.003908688163385788,ML_EXIT
AMD,2025-08-25,2025-08-26,165.6327780532837,168.56566889953615,24.848306145761278,4119.813790631554,64.56898450266999,0.01567279197169049,ML_EXIT
MSTR,2025-08-20,2025-09-03,339.54969488525387,341.59910401916505,12.010513980650957,4082.2486061512595,16.42942763416295,0.004024602423626669,ML_EXIT
BTC-USD,2025-08-26,2025-09-03,110179.16361328124,111135.09996484376,0.03794000839424778,4184.382775134224,27.86738380195129,0.00665985529993904,ML_EXIT
TSLA,2025-09-03,2025-09-04,335.36761221313475,335.98191889953614,12.346527707316088,4144.770286612518,-0.7084258330187367,-0.00017092040910130307,ML_EXIT
AAPL,2025-09-04,2025-09-10,238.56922194671628,230.87772194889615,17.353109362293843,4144.0618607794995,-141.6219488413317,-0.034174670552502937,ATR_STOP
PLTR,2025-08-20,2025-09-11,152.37615305328367,167.15638549041748,13.240785052453422,2019.5994891874607,191.46899946577742,0.09480543072567846,ML_EXIT
SMCI,2025-09-03,2025-09-11,40.92045152664184,44.26785591506958,0.716654368727706,29.355175532410613,2.337852050996883,0.07964020001909698,ML_EXIT
AMD,2025-09-11,2025-09-12,158.6993051147461,156.9215,12.541266421027853,1992.2825488248436,-26.256204476208495,-0.013178956213663483,ML_EXIT
COIN,2025-09-03,2025-09-19,305.1625147705078,342.5886297607422,13.542508426875404,4136.802730576669,498.0671655043934,0.12039906129025471,ML_EXIT
MSTR,2025-09-11,2025-09-22,327.03343011474607,336.8514790191651,12.991534103959625,4252.91887934997,118.92238081910637,0.027962532132116014,ML_EXIT
ETH-USD,2025-09-19,2025-09-22,4591.800612304687,4316.681719078613,0.9760866775973519,4486.481885739708,-277.23982383645944,-0.06179448193420034,ATR_STOP
ARM,2025-09-22,2025-09-23,142.2210688934326,145.33729866027832,22.78335718699334,3243.5169290441067,64.44338733777295,0.019868367808015413,ML_EXIT
BTC-USD,2025-09-20,2025-09-23,115748.97056249999,111735.02711014285,0.0012806992719729615,148.38801034135486,-5.432141435389639,-0.03660768429264216,ATR_STOP
AAPL,2025-09-12,2025-09-24,229.33461122131345,255.0923912200928,8.564168781784625,1966.0263443486351,216.44329471591573,0.11009175708051136,ML_EXIT
ETH-USD,2025-09-23,2025-09-25,4205.122995117187,3897.624554207659,1.042252228641921,4387.185999373651,-328.94042921927667,-0.07497754352476481,ATR_STOP
BTC-USD,2025-09-24,2025-09-25,112063.66789453125,109200.32341741072,0.020730180674158657,2325.4255079705163,-63.94681628515309,-0.027498974302110332,ATR_STOP
COIN,2025-09-23,2025-09-26,333.5466948852539,304.76851069709556,12.754083414887054,4258.340710036446,-375.184745382453,-0.08810585411782185,ATR_STOP
BTC-USD,2025-09-26,2025-10-02,109095.8175234375,118593.05662109375,0.037751095726215766,4122.609259916973,349.9315552174967,0.0848810869901709,ML_EXIT
ETH-USD,2025-09-26,2025-10-02,3870.6252634277344,4350.064602294922,0.567070624909081,2197.1150019227643,267.2120566430722,0.12161951304744018,ML_EXIT
GOOGL,2025-09-29,2025-10-02,247.97393110656736,245.02741889953614,12.803159923173505,3178.0279246600508,-44.039820156596306,-0.013857593828823006,ML_EXIT
SMCI,2025-09-29,2025-10-03,46.303138778686524,52.71363167762757,15.213286410687044,705.1280399939419,96.01758888881238,0.13617043067757922,ML_EXIT
GLD,2025-10-03,2025-10-06,357.2985551147461,361.9789236602783,9.232912640130184,3302.208554373564,36.569105570415104,0.011074135678675311,ML_EXIT
TSM,2025-10-02,2025-10-07,296.6682490081787,306.46668511962895,14.64084410455493,4347.821405905933,134.62262321020262,0.030963236674656374,ML_EXIT
SMCI,2025-10-07,2025-10-08,56.288128320693964,55.242365457534795,0.9705058502630012,54.68264047606408,-1.1232146560187317,-0.020540607517122184,ML_EXIT
AAPL,2025-10-02,2025-10-10,256.7082765655517,254.81253244018555,12.53855044419765,3221.9716468070187,-30.186834783817176,-0.009369056619021585,ML_EXIT
AMD,2025-10-07,2025-10-10,214.95743110656738,232.65361927032473,20.57771906037767,4427.761388640071,354.9319462690146,0.08016058570356413,ML_EXIT
NVDA,2025-10-08,2025-10-10,186.66329232788084,193.41323950958252,0.28664375157511046,53.55942582004535,1.8258300606994453,0.034089798998855274,ML_EXIT
QQQ,2025-10-10,2025-10-10,611.7057244262695,599.5971995408281,7.4236945930174025,4545.662141082173,-98.88687935076996,-0.021754119923929994,ATR_STOP
GLD,2025-10-10,2025-10-13,367.7237785491943,376.31175,9.465575150461685,3484.20126173086,74.24388074626313,0.021308723339759285,ML_EXIT
META,2025-10-06,2025-10-14,705.542597442627,707.4261392822266,4.727480515526584,3338.777659943979,2.22128639731136,0.0006652992872093887,ML_EXIT
SMCI,2025-10-14,2025-10-16,54.157066068649286,53.973000000000006,61.629223842446464,3340.9989463412903,-18.011161991375047,-0.0053909511139172825,ML_EXIT
ETH-USD,2025-10-12,2025-10-19,3752.821517944336,3888.6382043457033,1.183730285394181,4446.775261731403,151.72045088202685,0.03411920817940162,ML_EXIT
AMZN,2025-10-16,2025-10-21,215.7778331680298,218.32077767944338,15.38464237881417,3322.9877843499153,32.44051702445313,0.009762454492681667,ML_EXIT
GLD,2025-10-20,2025-10-21,397.6487372131347,384.7200367780413,0.1052502592912448,41.89452722574424,-1.4431354839435855,-0.034446873601590065,ATR_STOP
BTC-USD,2025-10-19,2025-10-25,107257.91465625,110977.10087890626,0.04244017421736296,4556.601185387685,148.57642255552128,0.03260685245660359,ML_EXIT
TSM,2025-10-13,2025-10-27,298.3891102294922,298.50066889953615,11.913593946510211,3558.445142477123,-5.7855962083913255,-0.0016258775888740628,ML_EXIT
QQQ,2025-10-21,2025-10-27,611.9458346557617,624.2077595214844,5.477728065521743,3355.4283013743684,60.39282130986612,0.01799854322177872,ML_EXIT
MSTR,2025-10-27,2025-10-28,299.64975,294.9924446411133,15.715990371846535,4714.00659251874,-82.54427119127831,-0.017510427609982213,ML_EXIT
TSLA,2025-10-27,2025-10-28,440.20000099182124,454.55260877990725,5.16130527268826,2274.280867023488,69.45782461004092,0.030540565862889783,ML_EXIT
ETH-USD,2025-10-28,2025-10-29,4122.335039794922,3978.7686536865235,0.5523527903306729,2279.262524433063,-83.77624045704124,-0.03675585394792533,ML_EXIT
AAPL,2025-10-28,2025-10-30,269.12448522949217,271.8539952392578,17.431496602915963,4695.938488527928,38.14468397982455,0.00812290963201736,ML_EXIT
MSTR,2025-10-29,2025-10-30,284.5221948852539,254.24929392793055,7.7086808590682585,2195.4862839760217,-237.5195451076977,-0.10818539238493909,ATR_STOP
AMZN,2025-10-31,2025-11-03,250.22505610656737,255.2323206100464,7.816998035945764,1957.966738868324,35.18865950136956,0.01797204150756314,ML_EXIT
BTC-USD,2025-10-30,2025-11-04,110114.22491015625,103412.07894223243,0.04249239871235117,4683.701250033904,-293.8681872375155,-0.06274272664922602,ATR_STOP
COIN,2025-10-30,2025-11-04,343.64173622131347,313.82157647814074,0.14646515613854186,50.381922473848135,-4.463960201532416,-0.08860241893011396,ATR_STOP
META,2025-11-03,2025-11-07,656.328,611.3293287716937,3.0337914015116283,1993.1553983696936,-140.3643829113737,-0.07042320083330436,ATR_STOP
MSTR,2025-11-05,2025-11-07,250.3250969467163,220.07358011422892,17.702241317764784,4435.751025068705,-543.8511978450297,-0.12260633988955817,ATR_STOP
GOOGL,2025-10-27,2025-11-10,264.9524173278808,284.2778034210205,17.666136032056666,4685.370817353944,331.6974384299374,0.07079427677343647,ML_EXIT
ETH-USD,2025-11-09,2025-11-10,3401.798682128906,3581.6531018066407,1.2581271847933202,4284.179578759226,217.48937998914334,0.0507657011081996,ML_EXIT
QQQ,2025-11-10,2025-11-11,619.2294429016113,620.2597223205566,7.143104887562745,4427.648508621877,-1.4988348096649133,-0.00033851711732452573,ML_EXIT
COIN,2025-11-10,2025-11-13,323.1814990081787,301.50917366027835,2.048383111391947,662.6621866693558,-45.673493713155494,-0.06892424923582503,ML_EXIT
GLD,2025-10-22,2025-11-14,372.936375,371.4798830408369,0.10835880611018128,40.451391741800656,-0.2385282381660474,-0.0058966633259137785,ATR_STOP
BTC-USD,2025-11-09,2025-11-14,102330.12386718749,97201.20516308595,0.01425827212476086,1460.5112639227682,-75.97595108684823,-0.05202010622142373,ATR_STOP
MSTR,2025-11-11,2025-11-14,236.57823671722412,200.47971183013917,18.49932675332682,4380.919022780609,-675.8880659186229,-0.1542799723994055,STOP_GAP
PLTR,2025-11-11,2025-11-14,190.4301742172241,166.89151860046388,0.23728078056069132,45.230651031602974,-5.670101378928244,-0.12535971182388034,STOP_GAP
META,2025-11-10,2025-11-19,631.4055718688965,581.9573169981754,7.00658703347706,4428.4265192410185,-354.96946251581994,-0.08015701761641912,ATR_STOP
SMCI,2025-11-13,2025-11-20,37.77887832069397,32.33413119399221,16.315246287384266,616.9886929562003,-89.97691835154183,-0.1458323618872692,ATR_STOP
BTC-USD,2025-11-15,2025-11-20,94467.678984375,86427.84900013951,0.04244305329525748,4013.5102440571604,-348.9167045510808,-0.08693554602675421,ATR_STOP
MSTR,2025-11-17,2025-11-20,197.1285137786865,171.976114705222,5.857466214423932,1155.829438797056,-149.49250150489718,-0.12933785599065845,ATR_STOP
MSFT,2025-11-20,2025-11-21,492.95634645080565,469.88698715662605,7.541048020048742,3721.128608982292,-181.23171517229275,-0.04870342689441702,ATR_STOP
ETH-USD,2025-11-22,2025-11-23,2767.4736214599607,2766.2111732177736,1.2778286193928057,3539.8968938099993,-8.68783319260001,-0.002454261650329955,ML_EXIT
META,2025-11-20,2025-11-25,603.80175,623.688,0.5829332546571182,352.3284477429065,10.876459511951623,0.030870227997848637,ML_EXIT
COIN,2025-11-21,2025-11-26,244.04195816802977,256.0719122009277,6.369946446190194,1556.0902944481854,73.44290827814802,0.04719707367893587,ML_EXIT
BTC-USD,2025-11-21,2025-11-27,86572.03782421874,90472.5067421875,0.04202523350998166,3641.851956954712,156.474136897034,0.04296554026536445,ML_EXIT
AAPL,2025-11-24,2025-12-01,271.0354438934326,277.8710047607422,13.015559149318552,3531.2090606173992,81.82079122827417,0.023170758180476737,ML_EXIT
MSFT,2025-11-25,2025-12-01,474.3070423278808,488.19578244018555,0.7649932848704715,363.20490725485814,9.888121518700643,0.02722463634491101,ML_EXIT
META,2025-11-28,2025-12-01,636.3980570983887,639.2302127990723,0.02229398610106919,14.202051491190105,0.034686998856388485,0.002442393542785401,ML_EXIT
GLD,2025-11-26,2025-12-02,381.250527557373,388.6755601196289,4.269905355812602,1629.5332027263335,28.41504524610491,0.01743753683482139,ML_EXIT
MSTR,2025-12-01,2025-12-02,168.34412450408934,177.661125,22.460544142609702,3784.8855250981806,201.48964984953136,0.053235335260055104,ML_EXIT
COIN,2025-12-02,2025-12-03,267.81383267211913,267.86600000000004,6.592365799951876,1767.2940453070196,-3.189258594479952,-0.001804599864379617,ML_EXIT
GLD,2025-12-03,2025-12-04,388.65422145080566,386.7265534210205,4.5344694194937425,1764.1047867125396,-12.258656248902753,-0.006948938827917991,ML_EXIT
QQQ,2025-12-01,2025-12-05,613.9368198852538,624.0678148803711,0.35062015006254144,215.47409401109826,3.1178461405572193,0.014469702981540931,ML_EXIT
META,2025-12-02,2025-12-05,642.6611968688965,663.668,6.02674063270953,3877.0293776131302,118.72576971370927,0.030622870798776892,ML_EXIT
MSFT,2025-12-04,2025-12-08,479.99988977050776,484.6475696411133,3.646030596319322,1751.8461304636369,13.4266970123183,0.007664312966096424,ML_EXIT
GOOGL,2025-12-05,2025-12-08,319.6497352294922,319.8899627990723,9.212915559716555,2947.8538732282937,-3.681776775239541,-0.0012489685491796458,ML_EXIT
SMCI,2025-12-05,2025-12-09,33.86692347335815,35.452266220092774,37.358773436602775,1266.4932142502016,56.63551409883962,0.04471837153298084,ML_EXIT
AAPL,2025-12-08,2025-12-09,278.2690698852539,278.02092366027836,2.622594733985875,730.5175148270414,-2.1104407080357532,-0.0028889666095622975,ML_EXIT
NVDA,2025-11-28,2025-12-11,179.09949950408935,180.18985877990724,21.107484547894448,3784.124042360556,15.427262863734995,0.004076838573745957,ML_EXIT
GLD,2025-12-08,2025-12-11,387.2134990081787,388.8254790191651,10.265521454893564,3978.9274091019684,8.577391681457357,0.0021557044900684047,ML_EXIT
BTC-USD,2025-12-11,2025-12-12,92057.31033984374,92467.40723046876,0.041959036510927666,3866.502548195498,9.460924542503108,0.0024468946870133406,ML_EXIT
META,2025-12-09,2025-12-15,664.1019045410156,645.3771622009277,3.0860990649952282,2051.5358024680468,-61.82964348732753,-0.030138222990281224,STOP_GAP
ARM,2025-12-11,2025-12-15,138.05900049591062,126.31680725479127,28.369269588985752,3920.553557812218,-340.62151473972426,-0.08688097476974677,STOP_GAP
ETH-USD,2025-12-16,2025-12-17,2965.861828491211,2962.5375214843752,1.2621565409378754,3747.129035383533,-11.682110978662422,-0.0031176164120184117,ML_EXIT
BTC-USD,2025-12-16,2025-12-17,86467.61845312499,87803.69337890626,0.021056283150553332,1822.5091666696799,24.461443351484377,0.01342184928275748,ML_EXIT
NVDA,2025-12-12,2025-12-17,181.20055561065672,171.54045179390224,21.12090061833482,3830.949876916649,-211.48413138774868,-0.05520409772574793,ATR_STOP
ARM,2025-12-17,2025-12-18,121.6357844467163,117.07143225479126,22.761099480372778,2771.33552569058,-109.32568434541508,-0.03944873629769985,ML_EXIT
QQQ,2025-12-18,2025-12-19,610.1048877868652,611.6440372009278,5.975810964617081,3649.5209990022254,1.8930758017886546,0.000518718977725082,ML_EXIT
BTC-USD,2025-12-18,2025-12-21,86187.43937109374,88300.53077343751,0.02072545187425892,1788.0616885397517,40.17664407562984,0.02246938365333509,ML_EXIT
NVDA,2025-12-18,2025-12-22,174.61726377868652,183.82803816986086,20.910417756787393,3654.9749080675424,185.10224440136426,0.050643916595102284,ML_EXIT
ARM,2025-12-19,2025-12-22,114.27210383605956,117.11141316986085,31.92172488538823,3651.414074804014,83.245839031169,0.02279824674106213,ML_EXIT
ETH-USD,2025-12-21,2025-12-23,2978.997299194336,3004.5709376220707,0.613095585812285,1828.2383326153815,12.00875732147233,0.006568485687691076,ML_EXIT
GLD,2025-12-12,2025-12-24,399.3595836639404,412.043875,0.11260173554110028,45.01359582135228,1.3368627672838187,0.029699088528485774,ML_EXIT
META,2025-12-22,2025-12-24,661.9808494262695,662.1987642822266,5.712703805255294,3785.4860035271086,-6.323548377229599,-0.0016704720005139798,ML_EXIT
AMZN,2025-12-22,2025-12-31,228.72430561065673,232.79354866027833,0.027857361898478428,6.378033790164409,0.10049532836335295,0.015756474749056237,ML_EXIT
TSM,2025-12-23,2026-01-05,293.5466938934326,330.23479389953616,6.262740753313751,1840.2470899368539,225.8596370780217,0.12273332114644009,ML_EXIT
ARM,2025-12-24,2026-01-06,112.14604133605957,117.46123664474489,0.11391894375478868,12.788346922206983,0.5793320284829324,0.04530155711344689,ML_EXIT
QQQ,2025-12-31,2026-01-06,619.9598494262694,618.9203654785157,0.01043946732259948,6.478529118527762,-0.02379138675417547,-0.003672343879127618,ML_EXIT
COIN,2025-12-24,2026-01-07,240.4001387786865,248.15585877990725,15.844050097475169,3812.724566816308,115.13749781602473,0.030198220668262582,ML_EXIT
MSFT,2026-01-06,2026-01-08,474.03688778686524,480.9993702392578,0.041774374053954656,19.8224166824635,0.25093748201578947,0.012659277929405494,ML_EXIT
TSLA,2026-01-07,2026-01-08,436.1179438934326,427.6760696411133,8.99741516603713,3927.862064632333,-83.73088864736792,-0.021317166252172233,ML_EXIT
BTC-USD,2026-01-08,2026-01-12,91355.2954453125,90780.44644531251,0.04225633891064573,3864.2045301494445,-31.991268008047427,-0.008278875447312359,ML_EXIT
SMCI,2026-01-05,2026-01-13,31.695840305328367,29.542490068019593,65.12023661164383,2066.1067270148756,-144.21659763162847,-0.06980113647855624,ATR_STOP
GOOGL,2025-12-22,2026-01-14,310.0349448852539,334.89246755981446,12.18923936898951,3782.8730289868163,295.12933652135825,0.07801724621997266,ML_EXIT
GLD,2026-01-14,2026-01-15,426.2430137786865,422.8084790191651,4.45022436967949,1898.7758231466878,-19.06481870551829,-0.010040584292843853,ML_EXIT
MSFT,2026-01-14,2026-01-20,466.69322145080565,449.99239597132333,8.778819504462971,4101.116671744734,-154.66505115426935,-0.03771291175885283,ATR_STOP
AAPL,2026-01-15,2026-01-20,260.7803188934326,252.24557021892767,7.200816769474466,1879.7110044411695,-65.15324651512447,-0.03466131036163948,ATR_STOP
AMD,2026-01-12,2026-01-21,201.28058267211912,235.8720104904175,19.020121057159248,3832.213262141397,649.614617188357,0.16951421352405627,ML_EXIT
MSFT,2026-01-21,2026-01-26,452.82630610656736,465.0773425598145,4.540097065580649,2057.93331688904,51.451465056596135,0.025001521980495885,ML_EXIT
AAPL,2026-01-21,2026-01-28,248.8243469467163,257.5211688995361,16.44950672416256,4097.134903138506,134.72520008918855,0.03288278352416117,ML_EXIT
MSTR,2026-01-28,2026-01-29,164.5322219467163,144.37285428414208,25.694834684075335,4231.860103227695,-525.9331161522655,-0.12427941929156151,ATR_STOP
COIN,2026-01-26,2026-01-30,212.28608267211914,191.88295339530072,9.926582895301841,2109.384781945636,-206.5474809149173,-0.09791835168375673,ATR_STOP
BTC-USD,2026-01-31,2026-01-31,84168.56324999999,78936.03865643303,0.02258485104567456,1902.8373010307187,-121.86138451476086,-0.06404193592839054,ATR_STOP
PLTR,2026-01-30,2026-02-04,150.12502805328367,146.39190872573855,24.660918356493692,3705.926987075429,-99.37823684785099,-0.026816026649860242,ATR_STOP
GOOGL,2026-01-21,2026-02-05,321.0804734344482,312.0638912200928,12.718560008024355,4087.769037818718,-122.73471432520364,-0.0300248651990124,STOP_GAP
BTC-USD,2026-02-01,2026-02-05,78665.43806249999,71192.63755273214,0.02261723807075052,1780.9759165159578,-172.40526493357606,-0.09680381600602699,ATR_STOP
ARM,2026-02-06,2026-02-09,112.77135383605956,120.189875,32.42447925744826,3660.2126359275994,232.9843788563071,0.06365323603590653,ML_EXIT
MSTR,2026-02-06,2026-02-09,115.00747194671631,127.30631774520874,16.620476169537476,1913.3923391482963,200.38338954719575,0.10472676483924459,ML_EXIT
ETH-USD,2026-02-09,2026-02-11,2088.965347412109,2018.5702880859376,1.8686066616939239,3907.361926148177,-139.219952620786,-0.03563016563403613,ML_EXIT
META,2026-02-11,2026-02-13,674.337,644.7774255981445,0.04442438083628057,29.986990690685616,-1.3717966191864903,-0.045746391604829816,ML_EXIT
BTC-USD,2026-02-13,2026-02-15,66246.4816875,69730.0706484375,0.0004315184467044928,28.615194071499126,1.4445278915343636,0.050481149557294824,ML_EXIT
COIN,2026-02-09,2026-02-19,160.18005610656738,162.33878816986086,13.094708901328024,2099.6108173312214,24.04257797298169,0.01145096880551501,ML_EXIT
MSTR,2026-02-11,2026-02-20,133.75684744262693,130.44473950958252,27.919444120090322,3738.1549828367056,-99.85231195467532,-0.026711656529259845,ML_EXIT
BTC-USD,2026-02-16,2026-02-20,68816.78963671875,66925.0988359375,0.0004363711588348703,30.05972196303349,-0.8847432117913883,-0.02943284747874308,ML_EXIT
ETH-USD,2026-02-19,2026-02-28,1954.9711376953123,1879.0929337899347,1.0851974747872442,2123.653395304203,-86.50567557145109,-0.040734366428500715,ATR_STOP
PLTR,2026-02-05,2026-03-03,136.88841732788086,142.0289561004639,26.320285322953463,3606.5487502275782,127.95565580917764,0.035478698520601856,ML_EXIT
QQQ,2026-02-20,2026-03-03,600.4200551147461,596.0318520812989,6.102078271325313,3667.4776496332724,-34.081669043798684,-0.00929294526094976,ML_EXIT
ARM,2026-03-03,2026-03-09,119.33463902664184,112.49372805023194,23.52852335101258,2810.578419342342,-166.41392337727348,-0.0592098488453538,STOP_GAP
AMD,2026-03-04,2026-03-11,192.21605511474607,205.0074456100464,4.11994588655717,792.7124580583027,51.062504614146064,0.06441491374970987,ML_EXIT
PLTR,2026-03-11,2026-03-16,151.4556948852539,152.37377194976807,5.565529829356361,843.7749626724487,3.4177695525311265,0.0040505700023453954,ML_EXIT
GLD,2026-03-03,2026-03-18,473.06640156555176,446.43667366027836,7.949930257719282,3764.6095092255855,-219.01822955827765,-0.058178206536839916,STOP_GAP
TSLA,2026-03-02,2026-03-19,390.79530610656735,383.9218760517665,5.207612630480413,2037.147719732752,-39.83062529868198,-0.019552153686678772,ATR_STOP
QQQ,2026-03-10,2026-03-19,608.0839193115235,586.8089489068692,4.34400622608118,2644.1644959650685,-97.61187012104756,-0.036915959755908126,ATR_STOP
GLD,2026-03-19,2026-03-20,420.57016534423826,427.8759513397217,8.422008930396817,3545.591279667308,54.38022853457733,0.015337421672494628,ML_EXIT
NVDA,2026-03-16,2026-03-20,183.06148622131346,175.02102289472307,4.623285634584872,847.1927322249799,-38.82972350635623,-0.04583340015722023,ATR_STOP
GOOGL,2026-03-20,2026-03-24,305.6127214508056,292.84621689802873,11.614246692017996,3553.014553702339,-155.22753603030242,-0.043688967124705706,ATR_STOP
QQQ,2026-03-20,2026-03-26,591.355527557373,582.3086755981445,6.042618996203407,3576.9130573854545,-61.76226202688213,-0.017266917321168345,ML_EXIT
BTC-USD,2026-03-22,2026-03-26,68771.81403515625,71274.46212890625,0.01174252354746789,808.3630087186236,27.742099113284553,0.03431886270657032,ML_EXIT
META,2026-03-26,2026-03-26,582.7812352294922,549.4649486070645,5.9022733308854995,3443.1773197552957,-203.32809964786748,-0.059052462526768115,ATR_STOP
PLTR,2026-03-20,2026-03-27,155.2775969467163,145.80706488037112,6.523154168352876,1013.9136173921825,-63.74277630554104,-0.06286805425248106,STOP_GAP
MSFT,2026-03-25,2026-03-27,377.10847343444823,361.71904389953613,9.001095095372877,3397.7870176720367,-145.17537323690294,-0.04272644885681168,STOP_GAP
SMCI,2026-03-26,2026-03-30,23.33165969467163,22.168910305023193,38.88152479178001,908.0785834351846,-46.97950883930946,-0.05173506973547372,ML_EXIT
BTC-USD,2026-03-29,2026-03-31,66352.85516015625,66661.23864453126,0.049136234787046776,3263.5930630033495,8.613727956460934,0.00263933884837164,ML_EXIT
COIN,2026-03-27,2026-04-07,168.13402805328369,172.03393511962892,19.250174449288757,3239.849220107428,68.52235888080168,0.02114986044891607,ML_EXIT
NVDA,2026-03-30,2026-04-08,168.8643887786865,184.40775000000002,10.650488368949615,1800.2884971143008,161.7800668083487,0.08986341192962544,ML_EXIT
PLTR,2026-03-31,2026-04-09,140.09001427459717,136.04069447026936,23.334529595815837,3272.2067909598104,-100.93562521932199,-0.030846346721783848,ATR_STOP
ARM,2026-04-08,2026-04-15,152.23608366394043,161.1393912200928,12.875439568490487,1962.0685639226494,110.59718934124385,0.05636764758114942,ML_EXIT
AAPL,2026-04-07,2026-04-17,256.2880836639404,266.8265114593506,12.895891061962248,3308.37157898823,129.1530796107536,0.039038262942112247,ML_EXIT
AMD,2026-04-10,2026-04-17,239.1195,280.8595,13.24902358266368,3171.2711657404884,546.1218590357266,0.17220913333918822,ML_EXIT
ARM,2026-04-17,2026-04-20,167.42366633605957,167.33128578948975,22.16445193612631,3714.56837384949,-9.47093879942031,-0.0025496741064441266,ML_EXIT
QQQ,2026-04-20,2026-04-21,648.3639980163574,648.085768157959,5.7088184244333045,3705.0974350500696,-8.993265150775642,-0.0024272681915729725,ML_EXIT
GLD,2026-04-17,2026-04-21,445.87281889343257,428.85541875194764,7.7082719882900825,3440.349309525709,-137.9208323450498,-0.040089194420802506,ATR_STOP
SMCI,2026-04-15,2026-04-23,27.743864542007444,26.423211762428284,74.63246817600013,2072.6657532638933,-102.60827180771912,-0.04950546012840642,ATR_STOP
MSTR,2026-04-21,2026-04-28,170.69530561065673,163.7880601196289,0.26011633830919456,44.4450829449579,-1.8837364383308994,-0.04238346097055942,ML_EXIT
PLTR,2026-04-22,2026-04-29,148.43418061065674,136.20274212687355,22.226188301986152,3302.4284771806592,-278.1879512156647,-0.08423738867863646,ATR_STOP
MSFT,2026-04-21,2026-04-30,420.45011022949217,405.5417794685364,8.676433515206378,3651.659086954336,-136.52145604429052,-0.037386144980515186,ATR_STOP
BTC-USD,2026-04-28,2026-05-02,77406.80124609375,78138.661125,0.0005492900426791121,42.561346506627004,0.31652120910868575,0.007436823199646701,ML_EXIT
MSFT,2026-05-01,2026-05-04,413.0063877868652,411.33423854064944,8.222263521415597,3399.24660301458,-20.53019685719846,-0.006039631499224419,ML_EXIT
BTC-USD,2026-05-03,2026-05-05,78696.05492578125,79783.619484375,0.0005443092400046978,42.87786771573569,0.5056666093421072,0.01179318460270666,ML_EXIT
PLTR,2026-05-04,2026-05-05,147.823875,140.22485066986084,17.184859837933512,2542.8754480232265,-135.54078787106755,-0.05330217332368122,ML_EXIT
AAPL,2026-05-01,2026-05-07,278.9994153442383,289.12535401916506,0.41496551784785257,115.89102789546541,3.9660473057876118,0.03422221182959061,ML_EXIT
MSTR,2026-05-04,2026-05-08,180.9904438934326,178.59065267944337,4.613531516988119,835.8409581341552,-12.731286962840727,-0.015231709859326268,ML_EXIT
SMCI,2026-04-24,2026-05-15,27.54376568698883,31.584200381278993,71.4530992726389,1970.0574814561742,284.4747348289825,0.14439920535654224,ML_EXIT
GLD,2026-04-30,2026-05-15,425.55266633605953,417.4311946411133,7.099512056759552,3024.2405259649945,-63.646284542089234,-0.02104537783805425,STOP_GAP
BTC-USD,2026-05-08,2026-05-17,80049.62981249999,77335.34367661831,0.010272209420907787,823.1096711713145,-29.499230133098422,-0.03583876021177101,ATR_STOP
ETH-USD,2026-05-15,2026-05-17,2282.0738162841794,2138.6282696801673,0.986943396833752,2254.5322162851567,-145.9378722913657,-0.06473088795858097,ATR_STOP
GLD,2026-05-18,2026-05-19,420.0299173278808,412.2437872009278,8.011577820255084,3368.4708403479744,-69.05038145314165,-0.020499029003323215,ML_EXIT
QQQ,2026-05-18,2026-05-22,711.8957480163574,717.7109723205567,3.500279169898309,2494.328186106938,15.34839154774727,0.0061533168061988315,ML_EXIT
ETH-USD,2026-05-22,2026-05-28,2132.4358022460938,1980.4773819436734,1.175729134933972,2509.6765776546854,-183.5001235847817,-0.07311704034639561,ATR_STOP
BTC-USD,2026-05-29,2026-06-01,73573.799765625,73543.42083203126,0.0315852964644838,2326.1764540699037,-5.608594827894649,-0.0024110788405934513,ML_EXIT
META,2026-05-05,2026-06-01,613.616652557373,608.9489372351511,3.9898973831285445,2450.718194477237,-23.50406711493224,-0.009590685362315146,ATR_STOP
PLTR,2026-05-07,2026-06-02,135.1675561065674,156.61165744018555,0.885842886969487,119.85707520125302,18.7375142358774,0.15633214980771956,ML_EXIT
ETH-USD,2026-06-01,2026-06-02,2005.244674987793,1876.1282502734157,1.156091982339701,2320.567859242009,-153.7600080878833,-0.06625964738566513,ATR_STOP
NVDA,2026-05-19,2026-06-04,219.72980511474609,211.1065390516009,15.000791707409268,3299.420458894833,-135.8220037300921,-0.04116541235717098,ATR_STOP
META,2026-06-02,2026-06-05,603.5416102294921,601.1671419514248,4.247002799207136,2565.808716799435,-15.203340675038817,-0.005925360131289645,ATR_STOP
QQQ,2026-06-05,2026-06-05,730.425027557373,709.7185503341217,4.233380375869592,3095.262239945334,-93.75816515362294,-0.030290863224331784,ATR_STOP
MSFT,2026-06-03,2026-06-08,438.66923721313475,411.8032245767757,4.9345631279159985,2166.8078511541257,-136.77091220861053,-0.063120923313879,ATR_STOP
TSLA,2026-06-08,2026-06-09,396.52815156555175,410.82448377990727,6.278311266848783,2492.0191807775027,84.68552045001115,0.03398269206884255,ML_EXIT
GLD,2026-06-08,2026-06-10,397.7187490081787,380.55962500000004,7.686412037380719,3060.090270138604,-137.87732568005276,-0.04505662039630214,STOP_GAP
MSFT,2026-06-09,2026-06-12,409.2345137786865,382.9272404418237,3.751740693866861,1536.8786573356524,-101.67159029067807,-0.06615459835126926,ATR_STOP
MSFT,2026-06-15,2026-06-18,396.99838778686524,377.63109732055665,3.6115306864864953,1435.2070670449743,-72.74459719636047,-0.05068578525476346,ML_EXIT
PLTR,2026-06-05,2026-06-18,140.3951594467163,125.81407714877918,0.4862552190062995,68.33621521940677,-7.219641332989745,-0.10564883217207269,ATR_STOP
GLD,2026-06-11,2026-06-23,374.14697145080567,377.5311412200928,7.802524019355674,2922.212944458551,20.53715716855777,0.007027946819379736,STOP_GAP
BTC-USD,2026-06-20,2026-06-24,63567.576498046874,60824.35804255022,0.0009604811238069859,61.11657388641702,-2.754346766637447,-0.045067100321367855,ATR_STOP
META,2026-06-09,2026-06-25,591.2955,553.9293046155657,5.1865659722668935,3069.8629828373764,-199.74509135918152,-0.06506645165464796,ATR_STOP
TSM,2026-06-18,2026-06-26,439.0994448852539,424.5508401298523,3.099753423132771,1362.4624698486139,-47.77555278219688,-0.03506559177920352,ATR_STOP
ETH-USD,2026-06-28,2026-07-02,1572.3502353515623,1608.2080669555664,0.8352924180761122,1314.686917066417,27.293763945391447,0.020760656846190086,ML_EXIT
PLTR,2026-06-24,2026-07-07,114.17706274795532,133.6631307296753,0.3383775176218179,38.673624686690346,6.509745088803832,0.16832518652031556,ML_EXIT
MSTR,2026-06-25,2026-07-07,94.73734744262694,101.1294103050232,0.6154264022218765,58.362227119779575,3.81324431391797,0.06533753940013062,ML_EXIT
GLD,2026-06-24,2026-07-13,364.99240255737305,365.86164885929657,7.948582984566215,2904.0764769404186,1.0971182110970403,0.00037778557824100624,ATR_STOP
TSM,2026-07-02,2026-07-15,450.7652785491943,411.2981782629831,2.9741392341612793,1341.9806810118084,-119.94589014972166,-0.08937974431888727,ATR_STOP
NVDA,2026-07-07,2026-07-16,192.4661801147461,210.06491316986086,0.557248459464621,107.35884120919172,9.582449693031137,0.08925626976877912,ML_EXIT
GLD,2026-07-14,2026-07-16,374.7172637786865,367.26628720092776,7.745222070340709,2905.1735951515157,-63.459200784121094,-0.021843514236129995,ML_EXIT
META,2026-06-26,2026-07-23,543.6116968688965,608.105768157959,5.274440910858868,2870.117891478195,334.09263228169993,0.11640380113781056,STOP_GAP
COIN,2026-07-16,2026-07-24,165.45268011474607,158.7141763204847,6.68032190570824,1106.383546875552,-47.18201984419784,-0.04264526526758352,ATR_STOP
PLTR,2026-07-16,2026-07-28,133.1465418319702,120.0260214426858,23.06655944697959,3074.3069292561518,-308.48815782278507,-0.10034396855014921,ATR_STOP
TSM,2026-07-24,2026-07-28,411.55568110656736,381.31063963991545,0.8870077384081747,365.4184924197921,-27.53122980991418,-0.0753416435703707,ATR_STOP
TSLA,2026-07-24,2026-07-30,320.8803612213135,302.54866220092777,8.838039288271634,2838.7920313401028,-167.52900515742613,-0.059014187481124164,ML_EXIT
COIN,2026-07-30,2026-07-31,161.26058267211914,143.0461601302861,16.54832023385635,2671.2630261826766,-306.4565337892668,-0.11472345882284882,ATR_STOP
ETH-USD,2026-07-25,2026-08-01,1861.1057470092771,1829.4543438698906,0.5685557240391715,1059.201527031354,-20.09493469487643,-0.01897177655247242,ATR_STOP
QQQ,2026-07-29,2026-08-03,675.8477647705078,687.9558377990724,4.035550247609129,2730.1477622279267,43.35630899469152,0.015880572324521645,ML_EXIT
AAPL,2026-08-03,2026-08-10,309.7347765655517,306.6765715789795,3.0196535417587547,936.2279430050298,-11.097004457674984,-0.011852887473168879,ML_EXIT
MSTR,2026-07-29,2026-08-14,96.42818725204467,94.93251335525514,3.870079114606496,373.55827181531777,-6.529330919275878,-0.01747874806130352,ML_EXIT
MSFT,2026-08-10,2026-08-14,503.69172244262694,496.1118053588867,1.8348639980163248,925.1309385473548,-15.743545594095053,-0.017017640355662136,ML_EXIT
ETH-USD,2026-08-02,2026-08-18,1844.3391892089842,1911.2525138549806,1.4172644470731084,2616.5328941036396,89.50859292486257,0.034208854444968115,ML_EXIT
META,2026-08-03,2026-08-18,562.5211102294921,556.1892781023298,4.661214690156749,2624.6563188438363,-34.731202879177545,-0.013232666932361139,ATR_STOP
MSFT,2026-08-18,2026-08-20,481.78077854919434,483.0583377990723,5.393905540799806,2601.281292159503,1.68418157967335,0.0006474430830489672,ML_EXIT
TSLA,2026-08-18,2026-08-25,333.38661122131344,349.4051965789795,0.31391612965721677,104.76019486899895,4.8140481962010995,0.04595302826823675,ML_EXIT
AMD,2026-08-25,2026-08-27,474.43711221313475,481.25925,0.23072535011333445,109.57424306520005,1.3534271773791744,0.012351690867477345,ML_EXIT
GLD,2026-08-14,2026-08-28,402.38108267211913,411.80506471633913,3.168985751138063,1276.4163338493017,27.28304410093233,0.021374721850083645,ATR_STOP
TSM,2026-08-19,2026-09-02,418.3390698852539,412.99341220092776,6.184780186938728,2589.9251159646587,-38.20591632125797,-0.014751745556561226,ML_EXIT
QQQ,2026-09-02,2026-09-09,707.4535255737304,716.0418244018555,3.603300271033966,2551.7191996434008,25.814386595521682,0.01011646837909485,ML_EXIT
META,2026-08-20,2026-09-10,547.2234872131347,653.38316696167,4.751920502368054,2602.9654737391766,498.754568381165,0.1916101359825956,ML_EXIT
COIN,2026-09-10,2026-09-11,170.92541633605956,173.96297805023195,1.7938198855307104,306.9163270933327,4.829864029943224,0.01573674517639614,ML_EXIT
MSFT,2026-09-10,2026-09-14,488.56416732788085,496.8114675598145,5.714723055893359,2794.803715027009,41.49709312118239,0.014847945456084154,ML_EXIT
SMCI,2026-09-11,2026-09-14,37.77887832069397,37.41128530502319,8.243612801006842,311.74619112327593,-3.6504448311101783,-0.011709669388283425,ML_EXIT
GLD,2026-08-31,2026-09-14,407.96388977050776,391.6940696411133,3.1924288184057703,1303.699377950234,-54.494397465228076,-0.04179981856776516,STOP_GAP
ETH-USD,2026-08-27,2026-09-15,2507.4926217041016,2513.104635498047,0.04419424472604237,110.92767024257923,0.02602627948962777,0.0002346238718681542,ML_EXIT
BTC-USD,2026-09-09,2026-09-16,78479.82186328125,75573.9909765625,0.032810421730295,2577.5335862389225,-100.39868497218049,-0.03895145557295334,ML_EXIT
META,2026-09-14,2026-09-17,658.1589320983886,682.0987824401856,4.295091413592355,2829.682460495398,97.06448656156226,0.03430225402201807,ML_EXIT
AMD,2026-09-16,2026-09-18,517.6487096557616,547.0963101196289,4.7805736210781475,2477.134901266742,135.6838528919984,0.054774510997609875,ML_EXIT
ETH-USD,2026-09-17,2026-09-19,2417.3758084716796,2610.150570678711,0.010675465363585511,25.832444158267208,2.004263280745306,0.0775870555827323,ML_EXIT
ARM,2026-09-14,2026-09-22,242.50119488525388,319.25029866027836,1.2964858997902275,314.7140939449587,98.7755132611943,0.3138579274383227,ML_EXIT
TSM,2026-09-17,2026-09-22,424.6121938934326,440.9993912200928,6.825083287935734,2900.914502898693,105.93321453238877,0.03651717912628472,ML_EXIT
BTC-USD,2026-09-18,2026-09-22,76443.2181328125,86561.0728125,0.03414568354343231,2612.8187541587404,339.9125582774509,0.13009419720997598,ML_EXIT
SMCI,2026-09-21,2026-09-22,40.65031606864929,41.23936832237244,0.6840997419210847,27.836707439012514,0.3469219460847057,0.012462750734611037,ML_EXIT
ETH-USD,2026-09-23,2026-09-24,2754.128817626953,2683.0972333984378,0.051345252026514056,141.55299124578687,-3.9264518889619637,-0.027738388672721385,ML_EXIT
GLD,2026-09-15,2026-09-24,393.3065403442383,391.4941574401856,3.4548078380308413,1360.1586770070749,-8.974130423109045,-0.006597855511134872,END_OF_TEST
PLTR,2026-09-22,2026-09-24,185.21756249999999,192.4937013397217,16.792433160888333,3113.366905409316,115.838270616322,0.037206752090496925,END_OF_TEST
META,2026-09-23,2026-09-24,747.9737755737304,777.201231842041,4.202267699857054,3146.33236980342,116.40925542264358,0.036998397416582125,END_OF_TEST
AAPL,2026-09-24,2026-09-24,336.88836122131346,335.75205342102055,0.4081141667198972,137.6265393568249,-0.7383950199171068,-0.005365208072279336,END_OF_TEST
